date,time,latitude,longitude,rainfall_1h,rainfall_3h,rainfall_6h,rainfall_12h,rainfall_24h,rainfall_72h,river_level,river_level_lag1,river_level_lag3,river_level_lag6,river_level_lag12,river_discharge,temperature,humidity,pressure,wind_speed,elevation,distance_from_river,historical_flood_count,population,flood_probability,flood_risk
2020-01-01,00:00:00,16.1,80.65,4.67,8.61,21.88,36.28,67.21,163.6,7.111,7.111,7.111,7.111,7.111,34493.45,25.74,71.01,997.81,10.43,18.2,2.1,5,12450,0.0335,LOW
2020-01-01,06:00:00,16.14,80.71,1.38,1.38,3.33,3.33,3.33,26.11,6.7,7.111,7.111,7.111,7.111,11761.62,25.68,87.66,1006.9,5.41,21.4,3.7,3,8320,0.01,LOW
2020-01-01,12:00:00,16.18,80.75,3.59,13.15,21.51,31.83,48.97,108.66,6.478,6.7,6.7,6.7,6.7,27987.62,29.33,78.61,1000.78,8.86,14.7,1.2,9,15620,0.0262,LOW
2020-01-01,18:00:00,16.22,80.8,6.57,10.18,21.28,42.02,65.93,198.84,6.629,6.478,7.111,7.111,7.111,39054.01,26.83,82.39,1009.73,11.79,12.8,2.8,6,19850,0.0272,LOW
2020-01-02,00:00:00,16.28,80.84,9.18,31.22,60.44,89.29,121.04,400.84,7.43,6.629,6.7,6.7,6.7,55947.68,28.1,83.5,1007.85,8.84,25.1,5.4,8,9130,0.141,LOW
2020-01-02,06:00:00,16.34,80.9,2.3,5.79,5.79,11.29,21.15,49.24,6.624,7.43,6.478,6.478,6.478,19295.63,31.15,77.6,1007.85,7.86,19.3,3.1,12,14670,0.01,LOW
2020-01-02,12:00:00,16.4,80.96,2.46,8.74,20.51,36.9,81.82,213.35,7.107,6.624,6.629,7.111,7.111,42477.18,25.06,77.01,1005.22,10.36,11.9,1.6,6,22100,0.0648,LOW
2020-01-02,18:00:00,16.46,81.02,5.28,8.38,16.91,18.63,32.84,109.32,6.811,7.107,7.43,6.7,6.7,24691.95,27.5,84.39,1001.32,8.51,28.4,6.2,4,7650,0.01,LOW
2020-01-03,00:00:00,16.52,81.08,4.76,13.58,22.75,26.92,58.94,184.99,6.935,6.811,6.624,6.478,6.478,34633.71,28.62,70.82,1004.32,5.22,16.5,2.4,9,17400,0.0401,LOW
2020-01-03,06:00:00,16.58,81.14,1.11,2.74,10.64,17.24,59.71,165.4,6.806,6.935,7.107,6.629,6.629,34005.47,28.38,71.41,1003.2,9.26,22.7,4.1,7,10900,0.0308,LOW
2020-01-03,12:00:00,16.1,80.65,1.15,1.15,3.1,8.09,12.38,18.19,6.485,6.806,6.811,7.43,7.43,15281.6,28.92,82.95,1003.59,11.51,18.2,2.1,7,12450,0.01,LOW
2020-01-03,18:00:00,16.14,80.71,3.06,10.79,23.41,38.75,64.64,115.64,6.307,6.485,6.935,6.624,6.624,35283.01,32.09,65.35,1009.35,4.02,21.4,3.7,5,8320,0.022,LOW
2020-01-04,00:00:00,16.18,80.75,1.36,4.45,19.29,39.86,58.88,191.73,6.299,6.307,6.806,7.107,7.111,31564.95,26.02,66.54,1004.25,12.2,14.7,1.2,4,15620,0.034,LOW
2020-01-04,06:00:00,16.22,80.8,6.64,22.44,36.97,70.16,110.83,275.37,7.016,6.299,6.485,6.811,6.7,49703.15,19.87,70.4,1006.07,4.93,12.8,2.8,7,19850,0.0896,LOW
2020-01-04,12:00:00,16.28,80.84,9.39,20.94,35.14,45.55,80.92,222.21,7.166,7.016,6.307,6.935,6.478,41090.75,25.65,89.22,1009.35,8.23,25.1,5.4,7,9130,0.0375,LOW
2020-01-04,18:00:00,16.34,80.9,6.35,12.08,24.02,56.44,97.61,238.75,7.588,7.166,6.299,6.806,6.629,47112.91,28.64,80.21,1006.88,8.34,19.3,3.1,6,14670,0.1056,LOW
2020-01-05,00:00:00,16.4,80.96,2.4,7.75,23.74,37.95,76.76,260.37,7.942,7.588,7.016,6.485,7.43,39724.86,31.21,82.94,1000.68,6.93,11.9,1.6,8,22100,0.1103,LOW
2020-01-05,06:00:00,16.46,81.02,1.39,4.18,10.51,24.85,31.72,106.61,7.385,7.942,7.166,6.307,6.624,24138.24,25.96,77.94,1001.88,4.53,28.4,6.2,10,7650,0.0145,LOW
2020-01-05,12:00:00,16.52,81.08,6.22,10.19,20.73,32.51,55.8,143.55,7.328,7.385,7.588,6.299,7.107,32785.36,26.24,79.3,1007.19,10.51,16.5,2.4,8,17400,0.0699,LOW
2020-01-05,18:00:00,16.58,81.14,1.9,11.39,16.94,36.86,56.16,114.98,7.284,7.328,7.942,7.016,6.811,32073.98,25.33,77.45,1008.15,12.74,22.7,4.1,8,10900,0.0181,LOW
2020-01-06,00:00:00,16.1,80.65,0.56,6.49,15.77,28.14,28.14,124.3,6.968,7.284,7.385,7.166,6.935,22324.67,27.61,78.22,998.37,5.8,18.2,2.1,7,12450,0.0184,LOW
2020-01-06,06:00:00,16.14,80.71,9.87,21.37,32.92,63.1,103.47,305.08,7.662,6.968,7.328,7.588,6.806,52110.59,30.41,77.24,1011.08,8.22,21.4,3.7,9,8320,0.1085,LOW
2020-01-06,12:00:00,16.18,80.75,5.27,14.14,26.67,31.3,49.34,151.07,7.485,7.662,7.284,7.942,6.485,31698.19,25.93,84.56,1010.39,8.88,14.7,1.2,3,15620,0.0327,LOW
2020-01-06,18:00:00,16.22,80.8,2.97,7.33,7.33,15.19,49.99,106.51,7.175,7.485,6.968,7.385,6.307,28972.76,25.83,71.79,1006.58,5.46,12.8,2.8,7,19850,0.046,LOW
2020-01-07,00:00:00,16.28,80.84,1.39,3.12,8.45,18.07,24.81,26.6,6.69,7.175,7.662,7.328,6.299,21890.01,25.62,63.4,1009.93,5.58,25.1,5.4,7,9130,0.01,LOW
2020-01-07,06:00:00,16.34,80.9,9.92,15.1,17.58,23.49,36.76,129.17,6.76,6.69,7.485,7.284,7.016,25680.22,26.98,85.43,1007.22,5.9,19.3,3.1,6,14670,0.0119,LOW
2020-01-07,12:00:00,16.4,80.96,1.1,1.1,1.1,5.55,5.55,5.55,6.339,6.76,7.175,6.968,7.166,13251.05,25.18,73.28,998.19,9.76,11.9,1.6,7,22100,0.01,LOW
2020-01-07,18:00:00,16.46,81.02,1.34,1.81,8.21,8.21,15.88,15.88,5.836,6.339,6.69,7.662,7.588,14611.05,27.57,71.12,1009.19,3.9,28.4,6.2,7,7650,0.01,LOW
2020-01-08,00:00:00,16.52,81.08,1.13,1.3,6.98,6.98,6.98,6.98,5.387,5.836,6.76,7.485,7.942,12275.87,27.37,77.09,1008.66,12.0,16.5,2.4,8,17400,0.01,LOW
2020-01-08,06:00:00,16.58,81.14,2.16,4.4,6.52,18.95,24.76,24.76,5.219,5.387,6.339,7.175,7.385,15405.41,27.04,86.61,1008.09,7.5,22.7,4.1,8,10900,0.01,LOW
2020-01-08,12:00:00,16.1,80.65,0.43,4.55,9.68,16.18,33.97,52.53,5.258,5.219,5.836,6.69,7.328,20822.46,30.32,78.96,1005.73,10.12,18.2,2.1,6,12450,0.01,LOW
2020-01-08,18:00:00,16.14,80.71,6.73,19.84,28.47,51.78,81.72,233.05,5.548,5.258,5.387,6.76,7.284,39458.8,27.62,69.8,1015.51,8.37,21.4,3.7,7,8320,0.0365,LOW
2020-01-09,00:00:00,16.18,80.75,1.23,4.3,4.3,7.68,15.17,65.67,5.436,5.548,5.219,6.339,6.968,12308.22,25.71,75.75,1010.7,6.59,14.7,1.2,8,15620,0.01,LOW
2020-01-09,06:00:00,16.22,80.8,8.37,17.46,28.12,37.2,83.3,208.71,5.715,5.436,5.258,5.836,7.662,39414.96,26.41,69.91,1015.96,8.2,12.8,2.8,7,19850,0.0372,LOW
2020-01-09,12:00:00,16.28,80.84,1.62,2.48,2.57,14.93,37.32,41.85,5.586,5.715,5.548,5.387,7.485,21522.71,27.64,75.02,1006.43,9.37,25.1,5.4,7,9130,0.01,LOW
2020-01-09,18:00:00,16.34,80.9,17.45,36.0,58.49,102.34,155.92,485.44,6.384,5.586,5.436,5.219,7.175,64056.87,27.56,86.43,1003.43,6.41,19.3,3.1,4,14670,0.4073,MODERATE
2020-01-10,00:00:00,16.4,80.96,1.19,1.19,11.09,19.91,36.02,78.86,6.163,6.384,5.715,5.258,6.69,24071.18,29.43,77.24,1007.48,7.14,11.9,1.6,4,22100,0.01,LOW
2020-01-10,06:00:00,16.46,81.02,5.69,14.22,24.93,24.93,48.71,135.63,6.107,6.163,5.586,5.548,6.76,27851.97,28.16,86.27,1012.45,5.54,28.4,6.2,8,7650,0.016,LOW
2020-01-10,12:00:00,16.52,81.08,0.04,0.67,0.67,0.67,0.67,0.67,5.743,6.107,6.384,5.436,6.339,9881.7,32.79,79.51,1007.6,5.9,16.5,2.4,12,17400,0.01,LOW
2020-01-10,18:00:00,16.58,81.14,2.72,5.59,8.93,8.93,12.89,19.49,5.291,5.743,6.163,5.715,5.836,15314.83,29.04,65.97,1010.95,4.75,22.7,4.1,8,10900,0.01,LOW
2020-01-11,00:00:00,16.1,80.65,5.16,15.12,17.06,37.0,57.88,143.46,5.342,5.291,6.107,5.586,5.387,30999.94,29.32,76.31,1009.34,8.12,18.2,2.1,7,12450,0.0143,LOW
2020-01-11,06:00:00,16.14,80.71,1.84,1.84,10.22,17.59,17.59,60.95,5.067,5.342,5.743,6.384,5.219,16744.59,27.62,68.45,1009.0,9.83,21.4,3.7,6,8320,0.01,LOW
2020-01-11,12:00:00,16.18,80.75,1.87,8.22,8.22,8.22,12.31,36.4,5.204,5.067,5.291,6.163,5.258,12878.59,24.64,80.65,1006.37,5.99,14.7,1.2,10,15620,0.01,LOW
2020-01-11,18:00:00,16.22,80.8,0.36,0.93,0.93,0.93,0.93,0.93,4.856,5.204,5.342,6.107,5.548,7247.9,25.17,79.38,1005.02,9.63,12.8,2.8,10,19850,0.01,LOW
2020-01-12,00:00:00,16.28,80.84,1.54,3.45,10.71,29.62,34.93,93.16,4.094,4.856,5.067,5.743,5.436,18551.24,25.15,76.5,1009.38,5.4,25.1,5.4,7,9130,0.01,LOW
2020-01-12,06:00:00,16.34,80.9,8.68,22.81,53.44,105.57,197.69,614.21,5.793,4.094,5.204,5.291,5.715,78637.67,30.04,80.44,1006.37,8.42,19.3,3.1,6,14670,0.5214,HIGH
2020-01-12,12:00:00,16.4,80.96,3.07,11.9,20.38,41.52,68.5,219.56,6.024,5.793,4.856,5.342,5.586,35307.55,28.18,76.84,1011.18,4.45,11.9,1.6,6,22100,0.0331,LOW
2020-01-12,18:00:00,16.46,81.02,2.06,5.93,10.95,11.81,15.38,15.38,5.638,6.024,4.094,5.067,6.384,14929.75,25.78,87.84,1001.88,2.55,28.4,6.2,8,7650,0.01,LOW
2020-01-13,00:00:00,16.52,81.08,3.75,10.03,19.5,31.52,40.95,128.51,5.577,5.638,5.793,5.204,6.163,24096.62,28.98,75.31,1004.46,6.38,16.5,2.4,6,17400,0.0175,LOW
2020-01-13,06:00:00,16.58,81.14,4.7,13.38,30.62,58.62,99.18,279.82,5.983,5.577,6.024,4.856,6.107,44664.37,25.51,87.36,1006.81,4.47,22.7,4.1,5,10900,0.0697,LOW
2020-01-13,12:00:00,16.1,80.65,1.87,1.87,1.87,8.73,8.73,19.67,5.401,5.983,5.638,4.094,5.743,12821.96,32.28,76.41,1008.79,12.5,18.2,2.1,7,12450,0.01,LOW
2020-01-13,18:00:00,16.14,80.71,2.5,4.64,7.45,7.79,32.0,112.96,5.492,5.401,5.577,5.793,5.291,21322.36,28.97,80.36,1010.62,6.71,21.4,3.7,5,8320,0.0177,LOW
2020-01-14,00:00:00,16.18,80.75,11.34,24.08,37.6,77.62,129.59,375.76,6.008,5.492,5.983,6.024,5.342,56849.33,33.52,75.97,1003.68,9.93,14.7,1.2,7,15620,0.1326,LOW
2020-01-14,06:00:00,16.22,80.8,7.38,16.93,22.27,54.89,76.54,209.64,6.293,6.008,5.401,5.638,5.067,38430.38,30.25,84.83,1004.76,9.04,12.8,2.8,5,19850,0.0319,LOW
2020-01-14,12:00:00,16.28,80.84,2.91,10.42,25.66,26.26,29.98,117.97,5.996,6.293,5.492,5.577,5.204,22767.98,23.58,74.92,999.62,8.69,25.1,5.4,4,9130,0.011,LOW
2020-01-14,18:00:00,16.34,80.9,37.66,105.16,225.07,392.02,578.95,1393.12,10.271,5.996,6.008,5.983,4.856,220413.37,25.49,75.76,1003.33,7.58,19.3,3.1,7,14670,0.99,VERY_HIGH
2020-01-15,00:00:00,16.4,80.96,4.5,17.38,27.32,46.5,60.33,169.13,10.045,10.271,6.293,5.401,4.094,39376.7,31.21,75.41,1007.71,10.23,11.9,1.6,12,22100,0.1201,LOW
2020-01-15,06:00:00,16.46,81.02,2.82,5.52,13.52,13.52,40.51,107.61,9.533,10.045,5.996,5.492,5.793,29317.74,26.44,78.59,1011.97,9.46,28.4,6.2,9,7650,0.0237,LOW
2020-01-15,12:00:00,16.52,81.08,4.96,11.21,22.33,23.67,24.37,54.33,9.104,9.533,10.271,6.008,6.024,24089.9,22.26,72.72,1002.32,12.16,16.5,2.4,9,17400,0.0577,LOW
2020-01-15,18:00:00,16.58,81.14,2.14,2.14,2.14,20.05,44.51,138.26,8.54,9.104,10.045,6.293,5.638,29907.53,27.86,75.42,1008.89,7.97,22.7,4.1,9,10900,0.024,LOW
2020-01-16,00:00:00,16.1,80.65,1.53,1.53,7.51,14.92,14.92,29.55,8.028,8.54,9.533,5.996,5.577,19939.59,27.7,66.99,1008.49,8.0,18.2,2.1,7,12450,0.0238,LOW
2020-01-16,06:00:00,16.14,80.71,1.91,4.74,9.92,25.57,46.59,132.83,7.592,8.028,9.104,10.271,5.983,30260.93,25.46,81.37,1004.99,12.6,21.4,3.7,11,8320,0.0197,LOW
2020-01-16,12:00:00,16.18,80.75,0.65,1.38,1.45,9.33,36.47,92.55,7.179,7.592,8.54,10.045,5.401,26368.58,32.68,71.73,1012.69,12.24,14.7,1.2,6,15620,0.0373,LOW
2020-01-16,18:00:00,16.22,80.8,2.44,2.44,2.44,2.44,4.91,32.17,6.459,7.179,8.028,9.533,5.492,14181.02,27.24,79.33,1014.36,5.12,12.8,2.8,6,19850,0.0132,LOW
2020-01-17,00:00:00,16.28,80.84,11.28,37.0,56.84,97.07,170.9,452.73,7.356,6.459,7.592,9.104,6.008,75838.54,28.34,70.0,1005.84,11.08,25.1,5.4,7,9130,0.3836,MODERATE
2020-01-17,06:00:00,16.34,80.9,2.18,3.05,3.05,5.04,15.06,82.2,6.924,7.356,7.179,8.54,6.293,17271.74,24.51,81.57,1007.06,8.68,19.3,3.1,6,14670,0.0123,LOW
2020-01-17,12:00:00,16.4,80.96,7.79,20.65,37.27,64.95,95.43,352.25,7.443,6.924,6.459,8.028,5.996,46811.19,28.04,76.4,1009.81,11.53,11.9,1.6,5,22100,0.0864,LOW
2020-01-17,18:00:00,16.46,81.02,2.19,5.33,10.1,10.1,17.72,63.28,6.921,7.443,7.356,7.592,10.271,17983.73,24.18,70.75,1008.41,6.33,28.4,6.2,6,7650,0.01,LOW
2020-01-18,00:00:00,16.52,81.08,1.37,2.95,6.35,17.88,17.88,19.86,6.601,6.921,6.924,7.179,10.045,17448.85,26.51,69.53,1000.64,9.4,16.5,2.4,6,17400,0.01,LOW
2020-01-18,06:00:00,16.58,81.14,4.27,4.35,8.28,8.28,12.81,12.81,6.14,6.601,7.443,6.459,9.533,16905.2,26.02,71.3,998.98,8.76,22.7,4.1,4,10900,0.01,LOW
2020-01-18,12:00:00,16.1,80.65,25.29,70.76,163.32,246.11,425.7,1164.92,9.152,6.14,6.921,7.356,9.104,167026.52,26.5,77.09,1007.78,6.91,18.2,2.1,4,12450,0.99,VERY_HIGH
2020-01-18,18:00:00,16.14,80.71,5.42,13.48,23.44,39.26,62.98,188.26,9.003,9.152,6.601,6.924,8.54,40844.85,26.29,75.05,1011.6,9.44,21.4,3.7,9,8320,0.0558,LOW
2020-01-19,00:00:00,16.18,80.75,3.15,10.01,18.45,30.22,35.94,56.24,8.543,9.003,6.14,7.443,8.028,27759.01,28.27,77.44,1005.26,7.22,14.7,1.2,9,15620,0.0195,LOW
2020-01-19,06:00:00,16.22,80.8,3.96,9.02,25.04,45.03,73.63,217.5,8.733,8.543,9.152,6.921,7.592,41513.58,27.88,72.64,1005.1,9.52,12.8,2.8,10,19850,0.0962,LOW
2020-01-19,12:00:00,16.28,80.84,3.74,18.02,46.08,73.64,121.41,371.5,8.962,8.733,9.003,6.601,7.179,57291.85,27.57,68.15,1009.47,11.67,25.1,5.4,10,9130,0.2423,LOW
2020-01-19,18:00:00,16.34,80.9,0.45,0.45,0.45,0.45,0.45,30.32,8.141,8.962,8.543,6.14,6.459,15031.92,23.64,84.13,1005.02,14.45,19.3,3.1,11,14670,0.0185,LOW
2020-01-20,00:00:00,16.4,80.96,13.79,32.66,66.45,95.34,159.57,527.0,8.849,8.141,8.733,9.152,7.356,71613.77,20.9,81.36,1005.44,5.83,11.9,1.6,4,22100,0.6193,HIGH
2020-01-20,06:00:00,16.46,81.02,3.57,12.01,24.88,38.44,54.47,145.5,8.417,8.849,8.962,9.003,6.924,32300.24,27.31,65.94,1008.08,7.68,28.4,6.2,6,7650,0.037,LOW
2020-01-20,12:00:00,16.52,81.08,0.72,0.72,9.67,14.78,14.78,52.27,7.924,8.417,8.141,8.543,7.443,19173.0,27.78,77.28,1003.53,5.82,16.5,2.4,5,17400,0.0111,LOW
2020-01-20,18:00:00,16.58,81.14,2.19,10.03,15.83,18.14,31.65,91.65,7.562,7.924,8.849,8.733,6.921,23063.02,23.56,73.38,1009.73,4.91,22.7,4.1,7,10900,0.0189,LOW
2020-01-21,00:00:00,16.1,80.65,0.33,4.16,8.08,21.89,36.44,90.45,6.999,7.562,8.417,8.962,6.601,25284.28,27.83,87.42,1006.66,5.98,18.2,2.1,11,12450,0.0153,LOW
2020-01-21,06:00:00,16.14,80.71,11.59,25.5,51.46,95.91,138.77,336.06,7.472,6.999,7.924,8.141,6.14,60141.82,27.27,86.3,1008.08,7.42,21.4,3.7,7,8320,0.2472,LOW
2020-01-21,12:00:00,16.18,80.75,2.49,16.9,31.05,38.76,91.43,313.88,7.925,7.472,7.562,8.849,9.152,47053.22,28.68,75.4,1002.68,8.34,14.7,1.2,6,15620,0.171,LOW
2020-01-21,18:00:00,16.22,80.8,2.28,6.02,11.41,22.34,29.83,103.2,7.388,7.925,6.999,8.417,9.003,24251.04,27.05,85.02,1006.67,9.18,12.8,2.8,9,19850,0.0171,LOW
2020-01-22,00:00:00,16.28,80.84,7.9,22.15,47.87,88.48,142.52,408.57,7.892,7.388,7.472,7.924,8.543,65279.87,26.64,84.39,1006.63,2.45,25.1,5.4,5,9130,0.2887,MODERATE
2020-01-22,06:00:00,16.34,80.9,1.63,3.38,3.38,15.14,25.85,59.31,7.477,7.892,7.925,7.562,8.733,22196.38,24.41,83.68,1005.32,8.55,19.3,3.1,6,14670,0.0178,LOW
2020-01-22,12:00:00,16.4,80.96,6.28,9.52,18.46,36.76,74.7,200.77,7.218,7.477,7.388,6.999,8.962,36406.38,27.6,80.45,1003.57,8.43,11.9,1.6,9,22100,0.0564,LOW
2020-01-22,18:00:00,16.46,81.02,3.78,6.47,12.43,26.76,44.11,147.83,7.039,7.218,7.892,7.472,8.141,30316.27,24.94,83.07,1005.07,10.07,28.4,6.2,6,7650,0.0157,LOW
2020-01-23,00:00:00,16.52,81.08,2.93,5.38,14.11,39.29,58.32,182.79,7.061,7.039,7.477,7.925,8.849,34519.01,27.18,73.75,1004.38,8.14,16.5,2.4,8,17400,0.039,LOW
2020-01-23,06:00:00,16.58,81.14,5.3,20.53,47.94,81.48,155.97,511.31,8.304,7.061,7.218,7.388,8.417,69324.96,27.17,66.94,1006.09,5.94,22.7,4.1,8,10900,0.442,MODERATE
2020-01-23,12:00:00,16.1,80.65,3.11,11.57,17.64,25.92,26.53,75.71,8.031,8.304,7.039,7.892,7.924,23048.87,25.03,72.53,1006.23,8.07,18.2,2.1,12,12450,0.0244,LOW
2020-01-23,18:00:00,16.14,80.71,4.22,10.53,17.27,18.1,26.71,56.17,7.255,8.031,7.061,7.477,7.562,23480.5,23.03,67.05,1007.88,9.32,21.4,3.7,7,8320,0.0109,LOW
2020-01-24,00:00:00,16.18,80.75,10.5,27.72,48.7,83.22,117.81,389.03,7.82,7.255,8.304,7.218,6.999,56218.68,29.7,83.49,1011.07,3.72,14.7,1.2,8,15620,0.2562,MODERATE
2020-01-24,06:00:00,16.22,80.8,16.33,43.03,63.62,80.04,154.4,469.3,8.396,7.82,8.031,7.039,7.472,68835.42,28.86,87.59,1004.34,5.69,12.8,2.8,8,19850,0.5636,HIGH
2020-01-24,12:00:00,16.28,80.84,4.63,13.26,15.08,33.77,66.14,126.71,8.384,8.396,7.255,7.061,7.925,37563.85,26.53,74.7,1009.68,11.33,25.1,5.4,3,9130,0.037,LOW
2020-01-24,18:00:00,16.34,80.9,1.21,8.39,11.22,19.02,32.87,62.72,7.952,8.384,7.82,8.304,7.388,26105.2,26.2,65.73,1005.71,7.82,19.3,3.1,4,14670,0.0274,LOW
2020-01-25,00:00:00,16.4,80.96,0.42,6.01,23.83,32.68,45.42,100.73,7.718,7.952,8.396,8.031,7.892,32277.37,25.96,64.67,1009.57,5.37,11.9,1.6,2,22100,0.0231,LOW
2020-01-25,06:00:00,16.46,81.02,2.23,11.77,25.18,41.02,65.11,157.78,7.695,7.718,8.384,7.255,7.477,36489.77,30.89,74.38,1007.93,6.39,28.4,6.2,7,7650,0.0208,LOW
2020-01-25,12:00:00,16.52,81.08,4.26,6.93,11.36,11.36,51.21,167.81,7.557,7.695,7.952,7.82,7.218,31288.37,27.63,79.68,1009.21,9.44,16.5,2.4,6,17400,0.0333,LOW
2020-01-25,18:00:00,16.58,81.14,7.61,13.25,30.3,67.51,121.37,360.61,7.86,7.557,7.718,8.396,7.039,55982.75,25.36,83.42,1005.09,5.81,22.7,4.1,8,10900,0.2254,LOW
2020-01-26,00:00:00,16.1,80.65,5.57,19.46,45.91,80.99,108.34,269.39,8.128,7.86,7.695,8.384,7.061,52549.91,26.68,71.8,1005.87,3.32,18.2,2.1,8,12450,0.1174,LOW
2020-01-26,06:00:00,16.14,80.71,6.6,12.22,17.25,31.39,68.02,138.03,8.153,8.128,7.557,7.952,8.304,37456.42,26.71,77.02,1007.03,3.92,21.4,3.7,7,8320,0.0509,LOW
2020-01-26,12:00:00,16.18,80.75,6.93,18.91,29.56,57.39,104.42,298.15,8.329,8.153,7.86,7.718,8.031,50910.16,25.88,76.4,1000.76,6.31,14.7,1.2,5,15620,0.1822,LOW
2020-01-26,18:00:00,16.22,80.8,7.54,16.22,19.98,32.02,58.04,162.01,8.332,8.329,8.128,7.695,7.255,35039.4,25.93,82.71,1004.63,7.65,12.8,2.8,7,19850,0.0636,LOW
2020-01-27,00:00:00,16.28,80.84,13.16,39.17,95.22,177.4,282.06,621.01,9.896,8.332,8.153,7.557,7.82,114799.96,29.65,75.71,1005.37,8.05,25.1,5.4,6,9130,0.8795,VERY_HIGH
2020-01-27,06:00:00,16.34,80.9,17.87,57.54,94.22,196.4,310.09,789.57,11.41,9.896,8.329,7.86,8.396,131039.71,27.83,71.14,1003.91,10.86,19.3,3.1,8,14670,0.9875,VERY_HIGH
2020-01-27,12:00:00,16.4,80.96,2.13,5.79,14.79,17.24,25.77,50.7,10.756,11.41,8.332,8.128,8.384,28328.44,28.71,62.09,1006.68,8.09,11.9,1.6,7,22100,0.1052,LOW
2020-01-27,18:00:00,16.46,81.02,7.19,20.57,31.73,50.83,81.5,211.48,10.488,10.756,9.896,8.153,7.952,47696.2,24.27,67.74,1007.53,8.18,28.4,6.2,10,7650,0.1179,LOW
2020-01-28,00:00:00,16.52,81.08,0.34,0.34,0.34,12.11,24.13,87.72,9.901,10.488,11.41,8.329,7.718,25074.76,26.55,72.65,1004.63,6.56,16.5,2.4,10,17400,0.0449,LOW
2020-01-28,06:00:00,16.58,81.14,4.03,9.82,19.96,29.77,53.38,124.14,9.819,9.901,10.756,8.332,7.695,36365.61,25.16,89.09,1001.32,8.51,22.7,4.1,6,10900,0.0566,LOW
2020-01-28,12:00:00,16.1,80.65,2.49,8.52,8.52,10.32,15.38,64.71,9.018,9.819,10.488,9.896,7.557,21806.1,27.11,78.54,1005.47,4.01,18.2,2.1,7,12450,0.0252,LOW
2020-01-28,18:00:00,16.14,80.71,4.87,13.55,25.56,38.09,72.91,187.12,8.617,9.018,9.901,11.41,7.86,41753.63,30.27,78.68,1005.85,8.05,21.4,3.7,6,8320,0.0917,LOW
2020-01-29,00:00:00,16.18,80.75,32.33,86.02,153.17,294.4,494.69,1511.75,12.563,8.617,9.819,10.756,8.128,194302.51,29.22,72.44,1009.72,3.12,14.7,1.2,7,15620,0.99,VERY_HIGH
2020-01-29,06:00:00,16.22,80.8,18.91,50.7,96.5,197.47,317.72,1080.7,13.8,12.563,9.018,10.488,8.153,136028.9,26.58,82.08,1006.5,11.83,12.8,2.8,8,19850,0.99,VERY_HIGH
2020-01-29,12:00:00,16.28,80.84,6.36,10.2,10.2,20.64,51.6,141.45,12.904,13.8,8.617,9.901,8.329,39285.15,24.91,79.09,1007.33,10.68,25.1,5.4,2,9130,0.1813,LOW
2020-01-29,18:00:00,16.34,80.9,1.33,1.33,8.86,22.66,26.85,58.42,11.883,12.904,12.563,9.819,8.332,32492.02,25.98,79.32,1009.69,7.42,19.3,3.1,9,14670,0.1287,LOW
2020-01-30,00:00:00,16.4,80.96,3.24,6.88,16.78,16.78,26.85,79.39,11.284,11.883,13.8,9.018,9.896,29618.42,21.92,77.49,1010.74,10.54,11.9,1.6,9,22100,0.103,LOW
2020-01-30,06:00:00,16.46,81.02,1.92,6.3,16.43,35.1,45.17,99.89,10.333,11.284,12.904,8.617,11.41,33980.78,28.53,81.64,1005.92,7.87,28.4,6.2,8,7650,0.0634,LOW
2020-01-30,12:00:00,16.52,81.08,4.68,13.15,31.26,50.46,77.85,172.32,10.268,10.333,11.883,12.563,10.756,48052.87,27.83,81.41,1004.68,9.98,16.5,2.4,6,17400,0.15,LOW
2020-01-30,18:00:00,16.58,81.14,0.92,0.92,0.92,0.92,19.59,35.79,9.706,10.268,11.284,13.8,10.488,26063.53,26.66,73.26,1007.51,9.3,22.7,4.1,4,10900,0.0226,LOW
2020-01-31,00:00:00,16.1,80.65,1.94,5.34,12.37,13.34,24.15,56.53,8.923,9.706,10.333,12.904,9.901,23716.23,25.59,86.76,1003.07,3.9,18.2,2.1,7,12450,0.0142,LOW
2020-01-31,06:00:00,16.14,80.71,6.65,8.22,12.42,19.37,49.06,142.76,8.379,8.923,10.268,11.883,9.819,31153.36,28.79,69.66,1009.82,11.89,21.4,3.7,7,8320,0.0504,LOW
2020-01-31,12:00:00,16.18,80.75,4.88,14.46,28.4,49.39,82.37,212.8,8.439,8.379,9.706,11.284,9.018,44246.96,26.15,79.07,1003.92,7.7,14.7,1.2,6,15620,0.0618,LOW
2020-01-31,18:00:00,16.22,80.8,10.94,27.18,58.67,78.55,122.95,259.79,8.689,8.439,8.923,10.333,8.617,57811.55,25.28,72.41,1003.74,5.97,12.8,2.8,10,19850,0.2475,LOW
2020-02-01,00:00:00,16.28,80.84,1.6,5.38,11.99,23.43,50.17,157.32,8.064,8.689,8.379,10.268,12.563,32415.83,26.59,72.83,1007.49,9.97,25.1,5.4,6,9130,0.039,LOW
2020-02-01,06:00:00,16.34,80.9,7.47,17.4,27.85,35.58,65.01,96.7,7.726,8.064,8.439,9.706,13.8,38394.75,27.06,65.03,1006.9,6.33,19.3,3.1,8,14670,0.0242,LOW
2020-02-01,12:00:00,16.4,80.96,2.25,5.23,14.38,27.87,33.0,74.98,7.255,7.726,8.689,8.923,12.904,25815.17,22.28,79.75,1010.62,6.88,11.9,1.6,4,22100,0.0131,LOW
2020-02-01,18:00:00,16.46,81.02,5.54,12.7,17.67,33.94,63.05,200.16,7.271,7.255,8.064,8.379,11.883,34051.63,31.52,69.76,1008.61,5.73,28.4,6.2,6,7650,0.0247,LOW
2020-02-02,00:00:00,16.52,81.08,6.79,15.15,19.41,19.59,54.31,137.26,7.143,7.271,7.726,8.439,11.284,32399.51,26.68,72.99,1004.37,6.3,16.5,2.4,10,17400,0.0144,LOW
2020-02-02,06:00:00,16.58,81.14,8.79,10.21,24.48,41.86,74.5,143.76,7.224,7.143,7.255,8.689,10.333,38797.55,25.03,74.1,1003.46,9.68,22.7,4.1,4,10900,0.037,LOW
2020-02-02,12:00:00,16.1,80.65,2.2,5.16,17.37,33.94,50.52,199.57,7.103,7.224,7.271,8.064,10.268,32183.98,27.8,78.58,999.65,7.58,18.2,2.1,6,12450,0.038,LOW
2020-02-02,18:00:00,16.14,80.71,2.73,11.01,23.08,46.41,93.84,186.91,7.079,7.103,7.143,7.726,9.706,44156.9,29.64,73.6,1000.38,9.6,21.4,3.7,6,8320,0.0452,LOW
2020-02-03,00:00:00,16.18,80.75,1.56,1.56,5.6,5.6,13.85,52.46,6.444,7.079,7.224,7.255,8.923,16515.23,30.07,79.04,1009.58,9.61,14.7,1.2,10,15620,0.0139,LOW
2020-02-03,06:00:00,16.22,80.8,1.35,5.4,14.73,36.5,89.21,221.55,6.48,6.444,7.103,7.271,8.379,41945.09,30.98,75.24,1003.98,6.42,12.8,2.8,4,19850,0.0458,LOW
2020-02-03,12:00:00,16.28,80.84,3.03,11.03,22.47,49.41,66.32,243.86,6.383,6.48,7.079,7.143,8.439,35542.45,23.87,83.18,1004.09,6.53,25.1,5.4,8,9130,0.0166,LOW
2020-02-03,18:00:00,16.34,80.9,7.14,15.76,20.01,43.24,58.02,174.38,6.311,6.383,6.444,7.224,8.689,32545.94,27.21,74.97,1009.33,7.29,19.3,3.1,7,14670,0.0273,LOW
2020-02-04,00:00:00,16.4,80.96,4.56,9.98,21.36,45.18,80.13,158.07,6.208,6.311,6.48,7.103,8.064,40049.4,29.67,72.96,1000.61,9.65,11.9,1.6,8,22100,0.0606,LOW
2020-02-04,06:00:00,16.46,81.02,7.28,24.85,57.66,90.74,146.54,500.49,6.937,6.208,6.383,7.079,7.726,63923.75,27.81,63.95,1009.14,10.26,28.4,6.2,6,7650,0.3734,MODERATE
2020-02-04,12:00:00,16.52,81.08,0.85,6.53,18.47,38.29,69.51,191.42,7.063,6.937,6.311,6.444,7.255,38637.92,26.13,87.47,1010.28,9.23,16.5,2.4,8,17400,0.0592,LOW
2020-02-04,18:00:00,16.58,81.14,0.95,11.63,20.77,41.83,59.39,169.87,7.129,7.063,6.208,6.48,7.271,32863.02,24.51,80.29,1009.15,6.04,22.7,4.1,8,10900,0.0315,LOW
2020-02-05,00:00:00,16.1,80.65,2.89,7.73,10.98,10.98,15.0,15.0,6.44,7.129,6.937,6.383,7.143,15928.55,23.26,73.77,1004.81,10.68,18.2,2.1,6,12450,0.01,LOW
2020-02-05,06:00:00,16.14,80.71,8.95,22.67,41.08,58.67,65.87,184.39,6.523,6.44,7.063,6.311,7.224,33589.19,26.21,78.36,1007.59,14.78,21.4,3.7,3,8320,0.0269,LOW
2020-02-05,12:00:00,16.18,80.75,2.76,2.76,13.76,21.75,43.98,116.05,6.681,6.523,7.129,6.208,7.103,27330.46,29.69,77.37,1002.8,6.8,14.7,1.2,4,15620,0.01,LOW
2020-02-05,18:00:00,16.22,80.8,1.92,7.32,11.17,19.37,40.8,91.96,6.745,6.681,6.44,6.937,7.079,25021.61,31.88,75.6,1007.98,4.26,12.8,2.8,5,19850,0.0177,LOW
2020-02-06,00:00:00,16.28,80.84,1.59,2.15,2.15,5.04,5.04,9.68,6.057,6.745,6.523,7.063,6.444,11853.64,27.88,79.36,1008.77,5.61,25.1,5.4,8,9130,0.01,LOW
2020-02-06,06:00:00,16.34,80.9,3.93,8.7,12.66,19.59,31.69,91.91,5.337,6.057,6.681,7.129,6.48,20098.57,22.08,63.83,1004.83,9.19,19.3,3.1,10,14670,0.01,LOW
2020-02-06,12:00:00,16.4,80.96,2.01,5.58,14.5,26.24,26.24,120.0,5.092,5.337,6.745,6.44,6.383,17692.61,23.58,74.74,1007.82,5.82,11.9,1.6,6,22100,0.0131,LOW
2020-02-06,18:00:00,16.46,81.02,9.32,17.31,39.06,64.55,108.28,257.39,5.471,5.092,6.057,6.523,6.311,48002.01,26.57,76.16,1007.27,8.68,28.4,6.2,9,7650,0.0677,LOW
2020-02-07,00:00:00,16.52,81.08,6.27,16.25,32.36,74.83,112.72,295.73,5.788,5.471,5.337,6.681,6.208,50230.09,25.2,69.04,1005.31,5.16,16.5,2.4,8,17400,0.0777,LOW
2020-02-07,06:00:00,16.58,81.14,0.31,0.89,6.21,12.9,30.27,56.86,5.359,5.788,5.092,6.745,6.937,19510.62,29.05,75.13,1010.92,5.28,22.7,4.1,5,10900,0.01,LOW
2020-02-07,12:00:00,16.1,80.65,8.1,19.46,24.11,41.9,78.68,200.06,5.538,5.359,5.471,6.057,7.063,38535.48,28.87,84.06,1013.63,10.07,18.2,2.1,8,12450,0.0368,LOW
2020-02-07,18:00:00,16.14,80.71,3.53,8.45,14.88,22.67,36.41,120.07,5.067,5.538,5.788,5.337,7.129,20830.91,27.57,69.1,1008.12,7.66,21.4,3.7,11,8320,0.01,LOW
2020-02-08,00:00:00,16.18,80.75,4.9,6.97,14.58,32.76,47.15,129.86,4.985,5.067,5.359,5.092,6.44,23913.73,26.85,71.44,1011.27,7.89,14.7,1.2,8,15620,0.0148,LOW
2020-02-08,06:00:00,16.22,80.8,1.23,1.23,4.45,20.01,22.26,60.18,4.632,4.985,5.538,5.471,6.523,15879.33,27.13,79.23,1005.75,8.48,12.8,2.8,7,19850,0.01,LOW
2020-02-08,12:00:00,16.28,80.84,1.59,4.34,11.53,27.11,39.22,87.08,4.459,4.632,5.067,5.788,6.681,21334.29,29.55,84.27,1006.37,6.35,25.1,5.4,6,9130,0.01,LOW
2020-02-08,18:00:00,16.34,80.9,3.45,12.71,30.57,58.15,127.09,359.63,5.348,4.459,4.985,5.359,6.745,54771.1,27.45,86.34,1004.38,12.6,19.3,3.1,6,14670,0.104,LOW
2020-02-09,00:00:00,16.4,80.96,7.98,24.93,42.13,80.5,109.42,240.48,6.046,5.348,4.632,5.538,6.057,48610.86,30.32,72.4,1011.53,5.1,11.9,1.6,6,22100,0.077,LOW
2020-02-09,06:00:00,16.46,81.02,8.44,19.91,36.21,55.36,88.08,224.64,6.409,6.046,4.459,5.067,5.337,44350.14,27.86,78.06,1006.27,6.16,28.4,6.2,6,7650,0.0313,LOW
2020-02-09,12:00:00,16.52,81.08,4.64,7.17,7.17,19.39,33.05,94.51,5.995,6.409,5.348,4.985,5.092,23479.24,27.76,76.1,1000.88,8.9,16.5,2.4,8,17400,0.0109,LOW
2020-02-09,18:00:00,16.58,81.14,1.51,4.6,10.91,17.51,17.51,45.7,5.399,5.995,6.046,4.632,5.471,15979.09,20.6,74.3,1003.32,3.97,22.7,4.1,7,10900,0.01,LOW
2020-02-10,00:00:00,16.1,80.65,1.55,4.85,6.91,10.93,10.93,44.53,4.99,5.399,6.409,4.459,5.788,11092.92,28.15,74.6,1005.86,9.58,18.2,2.1,5,12450,0.01,LOW
2020-02-10,06:00:00,16.14,80.71,4.74,12.09,32.29,42.46,67.56,215.98,4.919,4.99,5.995,5.348,5.359,30244.7,26.1,80.82,1014.94,6.51,21.4,3.7,3,8320,0.022,LOW
2020-02-10,12:00:00,16.18,80.75,2.03,7.28,9.4,12.74,28.78,80.57,4.484,4.919,5.399,6.046,5.538,20335.41,28.98,86.68,1012.63,10.34,14.7,1.2,5,15620,0.01,LOW
2020-02-10,18:00:00,16.22,80.8,5.63,12.77,26.75,40.45,71.58,200.6,4.551,4.484,4.99,6.409,5.067,33472.7,26.08,64.4,1003.2,12.83,12.8,2.8,4,19850,0.0257,LOW
2020-02-11,00:00:00,16.28,80.84,3.55,9.22,9.22,25.4,46.17,98.0,4.713,4.551,4.919,5.995,4.985,26037.21,31.18,78.02,1007.34,8.43,25.1,5.4,7,9130,0.01,LOW
2020-02-11,06:00:00,16.34,80.9,5.3,5.73,17.75,22.06,27.82,78.15,4.781,4.713,4.484,5.399,4.632,18503.45,28.94,80.88,1003.74,11.44,19.3,3.1,8,14670,0.01,LOW
2020-02-11,12:00:00,16.4,80.96,1.12,3.02,3.82,4.6,20.89,20.89,4.777,4.781,4.551,4.99,4.459,17278.2,25.76,82.64,1004.09,3.97,11.9,1.6,6,22100,0.01,LOW
2020-02-11,18:00:00,16.46,81.02,1.04,3.85,8.09,22.45,35.18,68.16,4.794,4.777,4.713,4.919,5.348,23726.63,26.2,79.05,1006.76,5.59,28.4,6.2,5,7650,0.01,LOW
2020-02-12,00:00:00,16.52,81.08,0.37,1.43,1.43,8.11,30.24,88.52,4.323,4.794,4.781,4.484,6.046,19336.96,25.86,89.53,1009.05,5.75,16.5,2.4,6,17400,0.01,LOW
2020-02-12,06:00:00,16.58,81.14,5.8,16.33,23.08,37.01,59.57,186.19,4.583,4.323,4.777,4.551,6.409,27923.36,25.69,75.56,1007.23,2.73,22.7,4.1,3,10900,0.01,LOW
2020-02-12,12:00:00,16.1,80.65,0.22,0.22,2.35,4.42,21.96,93.29,4.304,4.583,4.794,4.713,5.995,16244.33,25.17,74.38,1003.04,7.15,18.2,2.1,5,12450,0.01,LOW
2020-02-12,18:00:00,16.14,80.71,6.89,20.78,40.77,73.75,113.09,243.06,5.226,4.304,4.323,4.781,5.399,48501.12,31.34,68.23,1008.72,11.77,21.4,3.7,8,8320,0.0567,LOW
2020-02-13,00:00:00,16.18,80.75,3.59,11.03,20.29,20.29,37.57,161.71,5.006,5.226,4.583,4.777,4.99,23996.68,25.7,81.62,1006.34,5.38,14.7,1.2,6,15620,0.0129,LOW
2020-02-13,06:00:00,16.22,80.8,2.36,6.6,15.87,34.04,76.68,230.24,5.733,5.006,4.304,4.794,4.919,38223.81,28.03,84.63,1008.78,7.81,12.8,2.8,4,19850,0.041,LOW
2020-02-13,12:00:00,16.28,80.84,0.6,2.57,8.41,8.41,10.13,15.07,4.862,5.733,5.226,4.323,4.484,11891.04,25.82,75.73,1007.95,1.8,25.1,5.4,7,9130,0.01,LOW
2020-02-13,18:00:00,16.34,80.9,1.34,3.44,10.31,15.21,43.23,101.35,4.82,4.862,5.006,4.583,4.551,22533.73,26.0,75.24,1006.63,7.85,19.3,3.1,4,14670,0.01,LOW
2020-02-14,00:00:00,16.4,80.96,9.18,23.53,30.09,35.49,46.63,190.79,4.927,4.82,5.733,4.304,4.713,25785.66,28.46,71.0,1001.36,7.23,11.9,1.6,8,22100,0.0122,LOW
2020-02-14,06:00:00,16.46,81.02,12.81,20.47,36.97,77.29,143.23,304.19,5.857,4.927,4.862,5.226,4.781,62115.08,23.26,72.97,1010.72,6.66,28.4,6.2,7,7650,0.1061,LOW
2020-02-14,12:00:00,16.52,81.08,3.88,11.25,11.25,12.49,34.78,66.2,5.452,5.857,4.82,5.006,4.777,23783.42,24.42,75.36,1014.19,3.47,16.5,2.4,7,17400,0.0177,LOW
2020-02-14,18:00:00,16.58,81.14,0.65,4.91,6.47,14.37,44.78,133.68,5.117,5.452,4.927,5.733,4.794,22665.04,32.37,74.16,1004.81,12.57,22.7,4.1,7,10900,0.01,LOW
2020-02-15,00:00:00,16.1,80.65,2.37,6.04,10.53,19.34,25.9,86.8,5.112,5.117,5.857,4.862,4.323,17910.07,27.11,77.92,1010.71,8.61,18.2,2.1,7,12450,0.0115,LOW
2020-02-15,06:00:00,16.14,80.71,3.58,5.65,6.11,6.11,29.44,32.7,5.073,5.112,5.452,4.82,4.583,19307.15,27.21,72.24,1001.48,11.39,21.4,3.7,11,8320,0.01,LOW
2020-02-15,12:00:00,16.18,80.75,5.74,15.43,39.03,58.15,88.07,246.28,5.644,5.073,5.117,4.927,4.304,39363.42,27.0,81.24,1004.18,6.1,14.7,1.2,7,15620,0.0402,LOW
2020-02-15,18:00:00,16.22,80.8,3.32,11.82,32.13,55.25,93.3,267.54,6.173,5.644,5.112,5.857,5.226,43166.21,23.79,72.43,1000.72,11.28,12.8,2.8,5,19850,0.0356,LOW
2020-02-16,00:00:00,16.28,80.84,1.5,4.64,11.43,16.39,30.85,44.79,5.866,6.173,5.073,5.452,5.006,22296.87,26.92,71.68,1003.05,8.7,25.1,5.4,8,9130,0.01,LOW
2020-02-16,06:00:00,16.34,80.9,4.88,11.81,28.59,43.78,69.78,220.97,5.946,5.866,5.644,5.117,5.733,35607.82,27.75,83.77,1009.66,10.09,19.3,3.1,8,14670,0.0234,LOW
2020-02-16,12:00:00,16.4,80.96,7.71,15.27,27.97,45.56,82.72,245.6,6.208,5.946,6.173,5.112,4.862,40764.68,25.13,91.46,1007.88,11.24,11.9,1.6,9,22100,0.0687,LOW
2020-02-16,18:00:00,16.46,81.02,7.21,19.43,38.28,55.19,100.04,260.61,6.427,6.208,5.866,5.073,4.82,46510.5,25.39,70.41,1005.89,8.11,28.4,6.2,4,7650,0.0527,LOW
2020-02-17,00:00:00,16.52,81.08,0.63,11.63,30.28,58.97,104.96,270.9,6.976,6.427,5.946,5.644,4.927,47854.06,23.07,72.82,1008.99,9.29,16.5,2.4,9,17400,0.0443,LOW
2020-02-17,06:00:00,16.58,81.14,1.17,3.04,6.9,6.9,6.9,32.86,6.581,6.976,6.208,6.173,5.857,14301.72,28.5,77.45,1005.94,7.75,22.7,4.1,4,10900,0.01,LOW
2020-02-17,12:00:00,16.1,80.65,0.42,4.54,5.81,10.4,40.36,138.68,6.572,6.581,6.427,5.866,5.452,26225.41,26.95,78.48,1006.91,6.02,18.2,2.1,5,12450,0.0192,LOW
2020-02-17,18:00:00,16.14,80.71,8.56,16.0,39.74,48.2,66.34,144.18,6.468,6.572,6.976,5.946,5.117,34842.4,24.08,72.6,1001.12,10.35,21.4,3.7,5,8320,0.0341,LOW
2020-02-18,00:00:00,16.18,80.75,2.17,2.17,2.17,6.28,6.28,16.84,5.963,6.468,6.581,6.208,5.112,12939.34,29.87,80.07,1005.51,8.69,14.7,1.2,6,15620,0.01,LOW
2020-02-18,06:00:00,16.22,80.8,3.64,11.05,11.05,16.47,19.05,76.67,5.572,5.963,6.572,6.427,5.073,16092.48,29.86,77.53,1002.77,7.5,12.8,2.8,7,19850,0.01,LOW
2020-02-18,12:00:00,16.28,80.84,4.34,8.74,21.32,30.04,65.08,172.55,5.37,5.572,6.468,6.976,5.644,31281.16,28.06,75.33,1005.1,10.64,25.1,5.4,9,9130,0.0129,LOW
2020-02-18,18:00:00,16.34,80.9,4.22,6.09,7.13,7.13,27.56,91.76,5.394,5.37,5.963,6.581,6.173,19526.66,26.68,74.58,1009.75,5.28,19.3,3.1,6,14670,0.01,LOW
2020-02-19,00:00:00,16.4,80.96,0.51,1.07,1.07,3.93,24.12,40.47,5.376,5.394,5.572,6.572,5.866,19257.33,27.35,69.97,1001.78,6.2,11.9,1.6,4,22100,0.01,LOW
2020-02-19,06:00:00,16.46,81.02,2.45,6.62,11.79,24.85,40.74,117.23,5.136,5.376,5.37,6.468,5.946,23694.38,29.35,83.46,1006.18,11.03,28.4,6.2,8,7650,0.01,LOW
2020-02-19,12:00:00,16.52,81.08,5.17,14.19,21.69,49.39,60.6,161.0,5.227,5.136,5.394,5.963,6.208,30512.89,27.48,82.61,1003.99,4.3,16.5,2.4,9,17400,0.0211,LOW
2020-02-19,18:00:00,16.58,81.14,2.82,2.82,3.96,10.81,10.81,40.04,5.04,5.227,5.376,5.572,6.427,12170.37,25.41,85.66,1009.25,3.4,22.7,4.1,9,10900,0.01,LOW
2020-02-20,00:00:00,16.1,80.65,1.66,2.77,10.65,19.24,33.31,98.43,4.82,5.04,5.136,5.37,6.976,20223.25,25.16,89.65,1008.95,6.6,18.2,2.1,9,12450,0.01,LOW
2020-02-20,06:00:00,16.14,80.71,3.56,12.14,24.18,35.04,53.2,128.43,4.867,4.82,5.227,5.394,6.581,25850.45,27.76,85.3,1001.71,8.24,21.4,3.7,9,8320,0.0116,LOW
2020-02-20,12:00:00,16.18,80.75,9.81,25.2,31.37,72.53,112.84,233.02,5.295,4.867,5.04,5.376,6.572,50999.47,28.65,64.16,1007.05,2.86,14.7,1.2,5,15620,0.0722,LOW
2020-02-20,18:00:00,16.22,80.8,2.9,7.29,7.29,7.29,7.29,25.37,4.683,5.295,4.82,5.136,6.468,10909.25,25.52,83.62,1006.21,6.75,12.8,2.8,10,19850,0.01,LOW
2020-02-21,00:00:00,16.28,80.84,12.12,20.2,41.39,93.14,154.35,431.73,5.568,4.683,4.867,5.227,5.963,64020.27,20.75,71.69,1010.3,9.34,25.1,5.4,7,9130,0.1262,LOW
2020-02-21,06:00:00,16.34,80.9,5.79,13.41,31.36,55.37,63.84,195.58,5.944,5.568,5.295,5.04,5.572,33437.22,28.56,77.87,1003.41,6.8,19.3,3.1,7,14670,0.0331,LOW
2020-02-21,12:00:00,16.4,80.96,5.99,12.57,27.13,46.89,71.94,159.33,6.0,5.944,4.683,4.82,5.37,36740.4,27.25,74.37,999.92,7.08,11.9,1.6,10,22100,0.0247,LOW
2020-02-21,18:00:00,16.46,81.02,60.12,109.36,210.11,404.05,599.75,1534.78,10.553,6.0,5.568,4.867,5.394,228199.82,26.75,77.88,1011.27,5.47,28.4,6.2,7,7650,0.99,VERY_HIGH
2020-02-22,00:00:00,16.52,81.08,0.41,0.41,0.54,2.71,2.71,13.92,9.497,10.553,5.944,5.295,5.376,20584.12,25.51,69.98,1004.89,11.6,16.5,2.4,8,17400,0.015,LOW
2020-02-22,06:00:00,16.58,81.14,2.59,4.81,9.35,13.61,37.14,117.63,9.197,9.497,6.0,4.683,5.136,31079.29,25.38,86.49,1006.1,8.06,22.7,4.1,6,10900,0.0353,LOW
2020-02-22,12:00:00,16.1,80.65,2.83,8.86,19.33,34.54,62.09,187.21,8.93,9.197,10.553,5.568,5.227,38188.24,25.32,76.34,999.25,11.35,18.2,2.1,9,12450,0.0801,LOW
2020-02-22,18:00:00,16.14,80.71,0.19,0.75,0.75,0.75,0.75,0.75,8.484,8.93,9.497,5.944,5.04,15120.62,26.61,79.5,1006.92,8.82,21.4,3.7,6,8320,0.0115,LOW
2020-02-23,00:00:00,16.18,80.75,16.44,38.32,67.03,97.7,164.79,414.23,9.253,8.484,9.197,6.0,4.82,74625.12,25.91,83.13,1001.47,0.53,14.7,1.2,5,15620,0.4693,MODERATE
2020-02-23,06:00:00,16.22,80.8,0.97,0.97,2.32,2.32,4.43,6.24,8.532,9.253,8.93,10.553,4.867,16500.11,27.95,81.63,1007.46,7.25,12.8,2.8,9,19850,0.01,LOW
2020-02-23,12:00:00,16.28,80.84,4.03,4.03,9.16,24.39,56.16,164.11,8.114,8.532,8.484,9.497,5.295,31969.54,29.83,72.89,1005.56,5.22,25.1,5.4,10,9130,0.0318,LOW
2020-02-23,18:00:00,16.34,80.9,4.14,12.61,12.61,17.95,17.95,73.76,7.656,8.114,9.253,9.197,4.683,21306.4,29.37,77.81,1007.68,5.32,19.3,3.1,10,14670,0.0109,LOW
2020-02-24,00:00:00,16.4,80.96,2.73,2.98,10.56,18.87,34.35,64.22,7.284,7.656,8.532,8.93,5.568,22739.4,29.07,71.15,1001.44,5.0,11.9,1.6,6,22100,0.0129,LOW
2020-02-24,06:00:00,16.46,81.02,0.56,0.56,4.95,17.9,33.78,91.89,7.12,7.284,8.114,8.484,5.944,22808.11,28.12,73.97,1001.76,7.53,28.4,6.2,7,7650,0.01,LOW
2020-02-24,12:00:00,16.52,81.08,0.95,0.95,0.95,0.95,0.95,16.63,6.583,7.12,7.656,9.253,6.0,12307.57,24.5,71.19,1012.32,8.13,16.5,2.4,5,17400,0.0104,LOW
2020-02-24,18:00:00,16.58,81.14,23.85,55.47,100.5,186.37,324.34,1007.47,8.662,6.583,7.284,8.532,10.553,130143.65,30.53,79.08,1012.4,7.55,22.7,4.1,7,10900,0.9785,VERY_HIGH
2020-02-25,00:00:00,16.1,80.65,6.69,11.74,12.62,12.62,20.09,62.25,8.234,8.662,7.12,8.114,9.497,22222.89,28.57,77.91,1005.82,9.53,18.2,2.1,7,12450,0.0146,LOW
2020-02-25,06:00:00,16.14,80.71,7.95,20.11,29.85,52.36,59.41,170.45,8.028,8.234,6.583,7.656,9.197,36310.42,27.96,77.02,1010.64,5.63,21.4,3.7,8,8320,0.0481,LOW
2020-02-25,12:00:00,16.18,80.75,7.47,11.44,17.51,29.58,62.08,196.81,7.773,8.028,8.662,7.284,8.93,37017.6,25.83,81.59,1002.2,5.8,14.7,1.2,8,15620,0.0775,LOW
2020-02-25,18:00:00,16.22,80.8,7.28,17.86,31.61,57.31,100.61,281.18,8.034,7.773,8.234,7.12,8.484,49592.81,26.88,68.21,1010.59,6.18,12.8,2.8,2,19850,0.1365,LOW
2020-02-26,00:00:00,16.28,80.84,2.12,3.17,3.17,6.41,7.49,7.49,7.486,8.034,8.028,6.583,9.253,17502.35,22.09,77.91,1004.98,6.67,25.1,5.4,6,9130,0.01,LOW
2020-02-26,06:00:00,16.34,80.9,4.68,8.03,20.14,36.21,60.15,127.3,7.206,7.486,7.773,8.662,8.532,33378.23,25.93,77.29,1004.76,8.29,19.3,3.1,9,14670,0.0414,LOW
2020-02-26,12:00:00,16.4,80.96,42.71,124.31,250.71,361.87,543.32,1879.6,12.033,7.206,8.034,8.234,8.114,212995.77,24.48,79.34,1013.49,11.16,11.9,1.6,8,22100,0.99,VERY_HIGH
2020-02-26,18:00:00,16.46,81.02,6.41,7.12,16.58,19.23,38.28,88.49,11.311,12.033,7.486,8.028,7.656,32609.29,27.93,73.08,1010.03,8.05,28.4,6.2,6,7650,0.0465,LOW
2020-02-27,00:00:00,16.52,81.08,6.21,19.77,31.27,44.9,67.52,233.36,11.03,11.311,7.206,7.773,7.284,43942.38,27.65,72.09,1006.78,9.27,16.5,2.4,6,17400,0.1371,LOW
2020-02-27,06:00:00,16.58,81.14,1.62,2.94,2.94,8.09,25.6,46.6,10.232,11.03,12.033,8.034,7.12,26714.37,29.6,83.42,1002.09,9.96,22.7,4.1,9,10900,0.036,LOW
2020-02-27,12:00:00,16.1,80.65,4.68,12.24,28.81,37.72,68.28,216.47,10.013,10.232,11.311,7.486,6.583,41783.17,23.21,64.95,1010.69,6.12,18.2,2.1,9,12450,0.0967,LOW
2020-02-27,18:00:00,16.14,80.71,2.63,6.61,18.53,18.53,42.08,85.39,9.609,10.013,11.03,7.206,8.662,30548.23,25.03,77.87,1009.72,6.62,21.4,3.7,7,8320,0.0671,LOW
2020-02-28,00:00:00,16.18,80.75,1.57,2.67,2.67,16.75,27.69,74.92,9.368,9.609,10.232,12.033,8.234,26000.2,28.6,77.37,1011.25,8.02,14.7,1.2,8,15620,0.029,LOW
2020-02-28,06:00:00,16.22,80.8,8.92,18.19,48.51,79.73,158.99,420.55,9.887,9.368,10.013,11.311,8.028,74029.23,30.6,84.42,1003.13,7.42,12.8,2.8,5,19850,0.6233,HIGH
2020-02-28,12:00:00,16.28,80.84,3.19,3.43,14.72,18.3,26.27,64.29,9.516,9.887,9.609,11.03,7.773,25830.44,26.47,76.6,1012.74,6.58,25.1,5.4,6,9130,0.031,LOW
2020-02-28,18:00:00,16.34,80.9,0.53,2.81,8.15,11.91,11.91,33.83,8.762,9.516,9.368,10.232,8.034,21607.45,22.56,59.56,1009.8,8.37,19.3,3.1,10,14670,0.0217,LOW
2020-02-29,00:00:00,16.4,80.96,0.5,1.43,2.75,9.26,12.82,12.82,8.076,8.762,9.887,10.013,7.486,17634.96,25.0,89.19,1004.53,9.77,11.9,1.6,8,22100,0.0155,LOW
2020-02-29,06:00:00,16.46,81.02,4.91,5.39,5.39,12.09,12.09,51.83,7.424,8.076,9.516,9.609,7.206,16904.11,28.52,83.18,1009.97,8.68,28.4,6.2,5,7650,0.013,LOW
2020-02-29,12:00:00,16.52,81.08,0.88,4.03,6.39,11.95,26.29,68.91,6.764,7.424,8.762,9.368,12.033,22529.88,27.95,73.5,1005.26,8.36,16.5,2.4,6,17400,0.0201,LOW
2020-02-29,18:00:00,16.58,81.14,1.98,9.38,20.15,34.47,60.27,222.03,6.96,6.764,8.076,9.887,11.311,34244.53,32.25,83.66,1009.48,8.33,22.7,4.1,6,10900,0.0332,LOW
2020-03-01,00:00:00,16.1,80.65,2.76,2.76,2.76,4.59,9.8,41.08,6.623,6.96,7.424,9.516,11.03,14604.42,29.05,79.89,1007.63,6.42,18.2,2.1,7,12450,0.01,LOW
2020-03-01,06:00:00,16.14,80.71,1.65,4.18,10.59,13.05,26.42,50.72,6.369,6.623,6.764,8.762,10.232,21174.24,27.54,80.88,1002.51,9.72,21.4,3.7,7,8320,0.01,LOW
2020-03-01,12:00:00,16.18,80.75,0.71,0.71,4.57,8.01,12.86,58.87,5.991,6.369,6.96,8.076,10.013,12772.65,31.66,76.35,1005.76,10.97,14.7,1.2,8,15620,0.01,LOW
2020-03-01,18:00:00,16.22,80.8,2.8,10.12,18.45,27.28,42.7,117.52,5.647,5.991,6.623,7.424,9.609,24260.5,24.49,80.99,1008.72,7.91,12.8,2.8,4,19850,0.0113,LOW
2020-03-02,00:00:00,16.28,80.84,41.2,120.25,190.53,353.71,567.54,1762.85,10.339,5.647,6.369,6.764,9.368,217173.15,28.39,75.6,1006.31,5.94,25.1,5.4,7,9130,0.99,VERY_HIGH
2020-03-02,06:00:00,16.34,80.9,5.94,14.83,24.32,34.47,69.35,137.75,9.808,10.339,5.991,6.96,9.887,42152.17,25.81,78.04,1012.55,7.55,19.3,3.1,6,14670,0.1093,LOW
2020-03-02,12:00:00,16.4,80.96,9.16,25.93,51.91,91.57,161.55,471.42,10.294,9.808,5.647,6.623,9.516,74247.11,31.09,77.33,1006.45,6.86,11.9,1.6,7,22100,0.5602,HIGH
2020-03-02,18:00:00,16.46,81.02,0.28,0.28,1.37,20.5,42.17,114.23,9.824,10.294,10.339,6.369,8.762,31550.47,25.3,74.66,1006.12,9.51,28.4,6.2,8,7650,0.0336,LOW
2020-03-03,00:00:00,16.52,81.08,1.22,1.24,4.47,4.47,24.82,57.41,9.192,9.824,9.808,5.991,8.076,23206.4,26.32,73.13,1006.52,5.39,16.5,2.4,8,17400,0.019,LOW
2020-03-03,06:00:00,16.58,81.14,5.1,12.66,23.92,30.54,51.53,139.08,8.62,9.192,10.294,5.647,7.424,34056.25,24.91,77.23,1009.95,7.0,22.7,4.1,9,10900,0.0561,LOW
2020-03-03,12:00:00,16.1,80.65,4.17,12.68,28.23,52.93,91.96,169.98,8.761,8.62,9.824,10.339,6.764,47402.4,28.68,83.13,999.28,11.89,18.2,2.1,7,12450,0.1286,LOW
2020-03-03,18:00:00,16.14,80.71,8.14,13.37,36.39,67.82,133.5,338.68,9.174,8.761,9.192,9.808,6.96,62138.32,28.11,79.48,1005.35,11.87,21.4,3.7,9,8320,0.3477,MODERATE
2020-03-04,00:00:00,16.18,80.75,3.6,7.6,12.03,14.57,24.37,54.24,8.231,9.174,8.62,10.294,6.623,21578.03,32.2,85.72,1006.67,5.53,14.7,1.2,10,15620,0.0135,LOW
2020-03-04,06:00:00,16.22,80.8,3.33,6.24,9.23,29.93,52.13,212.9,7.69,8.231,8.761,9.824,6.369,32463.31,30.38,72.54,1006.16,5.86,12.8,2.8,4,19850,0.0749,LOW
2020-03-04,12:00:00,16.28,80.84,3.15,3.15,3.7,13.95,27.9,90.82,7.172,7.69,9.174,9.192,5.991,20148.2,30.61,76.6,1006.12,8.24,25.1,5.4,7,9130,0.0227,LOW
2020-03-04,18:00:00,16.34,80.9,4.29,4.29,4.29,7.03,7.03,31.22,6.65,7.172,8.231,8.62,5.647,14119.63,28.58,77.94,1010.11,6.88,19.3,3.1,9,14670,0.01,LOW
2020-03-05,00:00:00,16.4,80.96,13.76,34.54,68.48,109.84,182.59,614.48,7.677,6.65,7.69,8.761,10.339,78577.1,29.77,78.6,1006.0,5.01,11.9,1.6,7,22100,0.6436,HIGH
2020-03-05,06:00:00,16.46,81.02,1.92,1.92,1.92,5.71,9.62,11.35,7.148,7.677,7.172,9.174,9.808,18087.77,25.42,71.92,1010.06,12.02,28.4,6.2,10,7650,0.01,LOW
2020-03-05,12:00:00,16.52,81.08,13.74,37.14,96.11,163.07,303.45,1024.23,9.4,7.148,6.65,8.231,10.294,124195.85,27.45,68.2,1012.91,7.76,16.5,2.4,5,17400,0.985,VERY_HIGH
2020-03-05,18:00:00,16.58,81.14,3.19,10.02,28.09,51.59,83.91,239.23,9.307,9.4,7.677,7.69,9.824,44640.18,26.81,90.58,1005.78,9.66,22.7,4.1,8,10900,0.0615,LOW
2020-03-06,00:00:00,16.1,80.65,10.08,19.66,32.62,59.04,85.51,277.6,9.398,9.307,7.148,7.172,9.192,44946.13,29.22,79.17,1009.9,9.03,18.2,2.1,8,12450,0.1587,LOW
2020-03-06,06:00:00,16.14,80.71,5.63,13.37,18.94,24.3,56.88,177.04,9.176,9.398,9.4,6.65,8.62,36377.35,26.41,75.94,1010.41,4.99,21.4,3.7,7,8320,0.0341,LOW
2020-03-06,12:00:00,16.18,80.75,1.16,3.56,3.56,10.57,26.85,40.51,8.419,9.176,9.307,7.677,8.761,25212.48,26.52,78.41,1002.49,7.01,14.7,1.2,4,15620,0.0448,LOW
2020-03-06,18:00:00,16.22,80.8,29.67,61.15,114.81,226.87,420.83,1088.24,10.933,8.419,9.398,7.148,9.174,166457.19,27.6,76.3,1008.9,6.57,12.8,2.8,6,19850,0.99,VERY_HIGH
2020-03-07,00:00:00,16.28,80.84,1.15,6.31,24.31,45.16,74.84,165.42,10.399,10.933,9.176,9.4,8.231,45885.5,30.59,76.92,1009.61,7.06,25.1,5.4,8,9130,0.0812,LOW
2020-03-07,06:00:00,16.34,80.9,3.08,3.08,12.41,19.84,42.71,166.93,9.693,10.399,8.419,9.307,7.69,33839.48,26.68,75.01,1008.03,13.22,19.3,3.1,8,14670,0.0652,LOW
2020-03-07,12:00:00,16.4,80.96,2.7,4.07,6.02,6.02,19.85,50.83,8.795,9.693,10.933,9.398,7.172,22175.41,28.12,81.44,1005.04,6.36,11.9,1.6,6,22100,0.0183,LOW
2020-03-07,18:00:00,16.46,81.02,5.13,9.29,16.74,39.1,54.67,158.22,8.255,8.795,10.399,9.176,6.65,34834.78,26.06,80.89,1011.47,14.52,28.4,6.2,8,7650,0.0279,LOW
2020-03-08,00:00:00,16.52,81.08,0.43,0.43,5.86,14.38,14.38,73.46,7.674,8.255,9.693,8.419,7.677,16602.56,30.32,66.2,1004.55,11.53,16.5,2.4,8,17400,0.0276,LOW
2020-03-08,06:00:00,16.58,81.14,5.79,10.5,10.5,14.11,45.36,68.11,7.274,7.674,8.795,10.933,7.148,29618.52,27.56,74.99,1001.66,7.5,22.7,4.1,4,10900,0.0195,LOW
2020-03-08,12:00:00,16.1,80.65,7.35,20.61,34.51,42.38,64.1,248.13,7.49,7.274,8.255,10.399,9.4,35113.03,26.79,70.69,1005.91,7.3,18.2,2.1,6,12450,0.0627,LOW
2020-03-08,18:00:00,16.14,80.71,1.31,1.56,7.87,7.87,14.11,28.67,6.979,7.49,7.674,9.693,9.307,18894.3,24.6,76.75,1009.1,8.99,21.4,3.7,9,8320,0.01,LOW
2020-03-09,00:00:00,16.18,80.75,0.32,0.32,0.86,0.86,0.86,0.86,6.616,6.979,7.274,8.795,9.398,11349.08,30.41,81.38,1000.51,6.01,14.7,1.2,10,15620,0.01,LOW
2020-03-09,06:00:00,16.22,80.8,2.06,4.18,10.11,20.14,25.55,70.07,6.562,6.616,7.49,8.255,9.176,18940.28,27.0,86.66,1009.9,8.11,12.8,2.8,2,19850,0.01,LOW
2020-03-09,12:00:00,16.28,80.84,1.39,4.73,4.73,14.83,14.83,44.62,6.147,6.562,6.979,7.674,8.419,15386.16,29.67,69.03,1006.96,9.53,25.1,5.4,6,9130,0.01,LOW
2020-03-09,18:00:00,16.34,80.9,0.55,0.55,0.55,0.55,0.55,0.55,5.81,6.147,6.616,7.274,10.933,10626.47,31.04,76.0,1006.33,9.69,19.3,3.1,3,14670,0.01,LOW
2020-03-10,00:00:00,16.4,80.96,1.41,1.41,5.61,6.44,14.29,31.68,5.521,5.81,6.562,7.49,10.399,15860.57,27.47,70.83,1005.5,5.23,11.9,1.6,7,22100,0.01,LOW
2020-03-10,06:00:00,16.46,81.02,13.3,38.98,73.19,114.18,169.32,527.88,6.504,5.521,6.147,6.979,9.693,71117.35,24.67,76.42,1007.98,8.67,28.4,6.2,8,7650,0.4173,MODERATE
2020-03-10,12:00:00,16.52,81.08,18.54,44.15,95.07,167.34,309.33,1014.53,8.819,6.504,5.81,6.616,8.795,123645.23,30.64,77.35,1008.45,6.27,16.5,2.4,6,17400,0.99,VERY_HIGH
2020-03-10,18:00:00,16.58,81.14,13.96,28.64,41.71,80.72,121.07,292.11,8.711,8.819,5.521,6.562,8.255,56591.89,29.14,78.32,1007.96,6.47,22.7,4.1,5,10900,0.1855,LOW
2020-03-11,00:00:00,16.1,80.65,1.24,5.11,10.37,21.92,41.56,91.7,8.187,8.711,6.504,6.147,7.674,30626.14,27.54,81.07,1004.8,5.91,18.2,2.1,6,12450,0.0312,LOW
2020-03-11,06:00:00,16.14,80.71,2.68,8.15,21.95,31.06,47.51,155.48,8.055,8.187,8.819,5.81,7.274,33165.62,25.42,68.54,1014.42,6.77,21.4,3.7,9,8320,0.0154,LOW
2020-03-11,12:00:00,16.18,80.75,5.28,9.66,23.32,32.48,48.09,133.62,7.948,8.055,8.711,5.521,7.49,31174.48,30.71,70.28,1006.86,6.49,14.7,1.2,9,15620,0.0489,LOW
2020-03-11,18:00:00,16.22,80.8,5.47,5.92,9.71,29.54,31.84,93.69,7.814,7.948,8.187,6.504,6.979,24752.07,26.2,81.59,1014.08,5.95,12.8,2.8,11,19850,0.0353,LOW
2020-03-12,00:00:00,16.28,80.84,2.36,4.54,5.88,6.2,13.84,48.17,7.231,7.814,8.055,8.819,6.616,17603.66,28.39,77.23,1008.56,7.58,25.1,5.4,8,9130,0.0114,LOW
2020-03-12,06:00:00,16.34,80.9,3.67,9.64,16.8,33.32,53.76,125.05,7.08,7.231,7.948,8.711,6.562,33951.92,28.93,70.93,1002.81,7.84,19.3,3.1,7,14670,0.0227,LOW
2020-03-12,12:00:00,16.4,80.96,0.63,0.63,3.26,3.26,15.05,30.69,6.682,7.08,7.814,8.187,6.147,18237.74,30.56,89.06,1003.42,7.2,11.9,1.6,1,22100,0.01,LOW
2020-03-12,18:00:00,16.46,81.02,8.89,30.17,56.03,90.58,137.0,367.76,7.231,6.682,7.231,8.055,5.81,60119.2,30.92,74.2,1007.8,8.67,28.4,6.2,4,7650,0.1897,LOW
2020-03-13,00:00:00,16.52,81.08,3.01,3.41,13.16,18.71,60.11,139.72,7.055,7.231,7.08,7.948,5.521,32528.46,31.96,78.71,1005.2,5.67,16.5,2.4,6,17400,0.0315,LOW
2020-03-13,06:00:00,16.58,81.14,0.41,0.41,0.41,8.87,36.25,112.63,6.766,7.055,6.682,7.814,6.504,24158.7,28.17,80.33,1005.85,7.64,22.7,4.1,3,10900,0.0138,LOW
2020-03-13,12:00:00,16.1,80.65,4.87,12.31,36.03,70.62,100.57,225.37,6.946,6.766,7.231,7.231,8.819,48369.61,29.88,78.92,1005.46,9.18,18.2,2.1,6,12450,0.0431,LOW
2020-03-13,18:00:00,16.14,80.71,11.25,29.46,40.54,65.27,95.63,245.37,7.497,6.946,7.055,7.08,8.711,45468.42,30.58,77.83,1005.78,11.28,21.4,3.7,13,8320,0.0923,LOW
2020-03-14,00:00:00,16.18,80.75,3.87,10.33,17.38,29.15,34.84,99.19,7.348,7.497,6.766,6.682,8.187,25456.93,26.71,79.97,1005.79,6.75,14.7,1.2,5,15620,0.0267,LOW
2020-03-14,06:00:00,16.22,80.8,0.49,0.49,10.97,10.97,48.33,90.09,7.183,7.348,6.946,7.231,8.055,27222.23,27.64,71.84,1009.05,4.52,12.8,2.8,8,19850,0.0236,LOW
2020-03-14,12:00:00,16.28,80.84,0.61,1.08,11.77,11.77,11.77,34.44,6.529,7.183,7.497,7.055,7.948,16224.7,28.77,95.14,1006.05,9.33,25.1,5.4,6,9130,0.01,LOW
2020-03-14,18:00:00,16.34,80.9,11.94,28.52,44.3,69.1,129.71,259.87,6.647,6.529,7.348,6.766,7.814,57194.67,29.57,76.87,1004.08,11.95,19.3,3.1,10,14670,0.0901,LOW
2020-03-15,00:00:00,16.4,80.96,5.07,14.26,20.43,30.03,60.67,104.89,6.823,6.647,7.183,6.946,7.231,32042.94,30.81,77.66,1005.48,3.29,11.9,1.6,8,22100,0.0231,LOW
2020-03-15,06:00:00,16.46,81.02,0.69,1.26,8.98,8.98,22.57,40.34,6.129,6.823,6.529,7.497,7.08,17445.63,23.58,71.82,1006.04,10.76,28.4,6.2,4,7650,0.01,LOW
2020-03-15,12:00:00,16.52,81.08,24.55,52.68,81.22,121.71,230.18,633.22,7.322,6.129,6.647,7.348,6.682,93205.4,30.72,68.94,1007.29,5.51,16.5,2.4,7,17400,0.8328,VERY_HIGH
2020-03-15,18:00:00,16.58,81.14,0.5,0.5,0.5,0.5,12.85,63.59,6.808,7.322,6.823,7.183,7.231,18025.03,29.08,83.1,1006.7,1.74,22.7,4.1,6,10900,0.01,LOW
2020-03-16,00:00:00,16.1,80.65,2.51,2.51,11.97,20.39,41.39,98.77,6.605,6.808,6.129,6.529,7.055,25099.29,28.12,79.47,1008.72,13.03,18.2,2.1,8,12450,0.0163,LOW
2020-03-16,06:00:00,16.14,80.71,6.89,17.16,27.31,45.41,78.8,150.71,6.839,6.605,7.322,6.647,6.766,37994.1,29.23,62.67,1012.81,9.15,21.4,3.7,11,8320,0.0533,LOW
2020-03-16,12:00:00,16.18,80.75,0.56,3.46,9.04,22.78,22.78,22.78,6.473,6.839,6.808,6.823,6.946,19765.58,29.3,72.66,1009.41,6.73,14.7,1.2,5,15620,0.019,LOW
2020-03-16,18:00:00,16.22,80.8,15.01,35.16,70.62,132.57,194.64,686.5,8.172,6.473,6.605,6.129,7.497,83580.64,30.51,63.63,1008.51,6.45,12.8,2.8,8,19850,0.7616,VERY_HIGH
2020-03-17,00:00:00,16.28,80.84,0.93,7.2,22.63,34.79,54.6,160.7,7.876,8.172,6.839,7.322,7.348,34056.23,31.07,69.21,1008.02,4.96,25.1,5.4,8,9130,0.0215,LOW
2020-03-17,06:00:00,16.34,80.9,0.41,4.24,4.24,4.24,17.75,46.78,7.33,7.876,6.473,6.808,7.183,20561.39,30.05,71.38,1014.57,8.54,19.3,3.1,8,14670,0.0129,LOW
2020-03-17,12:00:00,16.4,80.96,17.54,46.56,76.84,99.62,121.24,310.45,7.654,7.33,8.172,6.605,6.529,54984.36,27.41,73.48,1007.48,12.96,11.9,1.6,7,22100,0.1485,LOW
2020-03-17,18:00:00,16.46,81.02,5.03,15.79,27.94,50.31,71.5,172.87,7.592,7.654,7.876,6.839,6.647,40491.6,32.03,82.67,1005.68,10.19,28.4,6.2,9,7650,0.037,LOW
2020-03-18,00:00:00,16.52,81.08,18.99,36.18,56.06,104.23,177.89,549.7,8.709,7.592,7.33,6.473,6.823,78106.72,26.52,69.99,1005.76,9.39,16.5,2.4,10,17400,0.5725,HIGH
2020-03-18,06:00:00,16.58,81.14,0.84,6.27,10.41,13.77,26.12,116.75,8.284,8.709,7.654,8.172,6.129,24003.53,28.79,74.55,1005.86,4.18,22.7,4.1,7,10900,0.0271,LOW
2020-03-18,12:00:00,16.1,80.65,2.54,3.72,7.16,8.92,8.92,30.53,7.459,8.284,7.592,7.876,7.322,16974.58,30.12,72.19,1005.74,3.37,18.2,2.1,9,12450,0.01,LOW
2020-03-18,18:00:00,16.14,80.71,0.99,3.68,3.68,13.27,30.31,39.95,6.864,7.459,8.709,7.33,6.808,21215.32,32.37,71.88,1011.05,11.8,21.4,3.7,6,8320,0.012,LOW
2020-03-19,00:00:00,16.18,80.75,12.3,27.19,46.79,86.71,143.51,475.36,7.607,6.864,8.284,7.654,6.605,62200.37,24.29,75.67,1011.6,13.57,14.7,1.2,9,15620,0.4638,MODERATE
2020-03-19,06:00:00,16.22,80.8,16.66,50.8,78.83,141.32,206.03,451.36,8.765,7.607,7.459,7.592,6.839,86310.21,28.17,66.49,1007.33,3.2,12.8,2.8,6,19850,0.5348,HIGH
2020-03-19,12:00:00,16.28,80.84,11.17,21.97,37.14,63.57,92.4,279.77,9.168,8.765,6.864,8.709,6.473,48766.86,30.93,82.33,1005.88,3.73,25.1,5.4,8,9130,0.0992,LOW
2020-03-19,18:00:00,16.34,80.9,7.79,17.58,33.87,44.92,53.29,87.97,8.929,9.168,7.607,8.284,8.172,37189.76,31.25,68.97,1002.15,8.27,19.3,3.1,10,14670,0.0557,LOW
2020-03-20,00:00:00,16.4,80.96,95.15,171.12,366.91,574.24,941.92,2992.55,13.8,8.929,8.765,7.459,7.876,354433.26,27.98,59.24,1008.58,10.03,11.9,1.6,9,22100,0.99,VERY_HIGH
2020-03-20,06:00:00,16.46,81.02,12.93,23.15,50.26,104.06,125.07,266.41,13.606,13.8,9.168,6.864,7.33,69056.47,26.54,87.15,1003.23,5.92,28.4,6.2,8,7650,0.5105,HIGH
2020-03-20,12:00:00,16.52,81.08,4.66,8.22,19.09,46.58,78.27,240.16,13.289,13.606,8.929,7.607,7.654,51126.88,26.04,70.53,1005.79,11.59,16.5,2.4,6,17400,0.4109,MODERATE
2020-03-20,18:00:00,16.58,81.14,3.41,8.38,14.15,21.86,32.88,93.71,12.564,13.289,13.8,8.765,7.592,35096.01,28.0,70.31,1008.42,8.14,22.7,4.1,5,10900,0.1349,LOW
2020-03-21,00:00:00,16.1,80.65,5.25,15.0,30.34,54.26,101.64,219.53,12.006,12.564,13.606,9.168,8.709,58337.0,26.51,74.47,1004.9,7.5,18.2,2.1,3,12450,0.4641,MODERATE
2020-03-21,06:00:00,16.14,80.71,6.8,24.87,37.77,67.15,134.36,360.59,12.012,12.006,13.289,8.929,8.284,70084.06,31.15,78.97,1008.55,4.48,21.4,3.7,7,8320,0.5499,HIGH
2020-03-21,12:00:00,16.18,80.75,0.37,0.37,0.37,5.38,5.38,5.38,11.044,12.012,12.564,13.8,7.459,21243.88,28.75,75.69,1006.37,8.13,14.7,1.2,4,15620,0.058,LOW
2020-03-21,18:00:00,16.22,80.8,1.35,3.53,4.53,4.53,26.48,100.21,10.611,11.044,12.006,13.606,6.864,25990.46,30.11,80.3,1001.96,3.53,12.8,2.8,6,19850,0.0493,LOW
2020-03-22,00:00:00,16.28,80.84,1.84,4.45,14.25,34.64,50.94,157.63,10.354,10.611,12.012,13.289,7.607,36436.61,25.84,73.46,1006.51,9.15,25.1,5.4,8,9130,0.0421,LOW
2020-03-22,06:00:00,16.34,80.9,5.75,15.25,34.93,59.54,97.04,218.72,10.099,10.354,11.044,12.564,8.765,52574.95,29.65,68.8,1010.18,9.89,19.3,3.1,10,14670,0.1957,LOW
2020-03-22,12:00:00,16.4,80.96,0.89,0.89,3.07,3.07,20.81,52.14,9.47,10.099,10.611,12.006,9.168,23669.21,28.5,69.73,1004.07,11.31,11.9,1.6,5,22100,0.0375,LOW
2020-03-22,18:00:00,16.46,81.02,9.77,30.07,51.58,80.43,144.19,393.07,9.589,9.47,10.354,12.012,8.929,66557.79,27.9,76.17,1011.9,10.44,28.4,6.2,6,7650,0.2939,MODERATE
2020-03-23,00:00:00,16.52,81.08,1.57,2.72,9.66,9.66,9.66,9.66,8.948,9.589,10.099,11.044,13.8,18037.48,29.27,74.27,1002.51,7.63,16.5,2.4,5,17400,0.0225,LOW
2020-03-23,06:00:00,16.58,81.14,1.8,1.8,8.39,8.39,8.39,22.06,8.053,8.948,9.47,10.611,13.606,15711.71,30.66,64.17,1009.59,8.64,22.7,4.1,10,10900,0.0107,LOW
2020-03-23,12:00:00,16.1,80.65,2.37,8.86,21.07,38.41,66.16,197.72,7.922,8.053,9.589,10.354,13.289,38936.82,26.34,79.18,1002.15,10.71,18.2,2.1,4,12450,0.0694,LOW
2020-03-23,18:00:00,16.14,80.71,9.29,22.34,59.47,88.45,111.09,296.02,8.182,7.922,8.948,10.099,12.564,53070.82,25.17,75.37,1011.04,9.3,21.4,3.7,8,8320,0.1557,LOW
2020-03-24,00:00:00,16.18,80.75,1.45,1.82,7.86,8.41,8.41,8.41,7.416,8.182,8.053,9.47,12.006,16760.47,28.61,77.04,1005.66,4.1,14.7,1.2,7,15620,0.0134,LOW
2020-03-24,06:00:00,16.22,80.8,7.74,13.4,28.46,53.63,92.61,325.14,7.535,7.416,7.922,9.589,12.012,46674.76,28.26,80.73,1006.74,0.58,12.8,2.8,4,19850,0.1267,LOW
2020-03-24,12:00:00,16.28,80.84,3.67,16.81,34.04,49.77,87.13,220.8,7.307,7.535,8.182,8.948,11.044,45560.68,25.06,74.82,1007.81,7.38,25.1,5.4,10,9130,0.0553,LOW
2020-03-24,18:00:00,16.34,80.9,2.3,2.3,2.3,2.3,2.3,17.01,6.842,7.307,7.416,8.053,10.611,13655.47,23.11,79.5,1003.47,6.93,19.3,3.1,9,14670,0.01,LOW
2020-03-25,00:00:00,16.4,80.96,0.27,2.55,9.84,21.8,38.14,78.29,6.592,6.842,7.535,7.922,10.354,24427.2,28.5,62.28,1007.62,8.96,11.9,1.6,8,22100,0.01,LOW
2020-03-25,06:00:00,16.46,81.02,9.48,21.78,29.14,38.13,72.41,172.83,6.281,6.592,7.307,8.182,10.099,36691.5,28.25,72.52,1007.42,7.26,28.4,6.2,4,7650,0.0213,LOW
2020-03-25,12:00:00,16.52,81.08,1.58,5.34,5.73,12.78,19.62,31.72,5.961,6.281,6.842,7.416,9.47,18596.22,33.0,68.93,1012.33,7.77,16.5,2.4,9,17400,0.01,LOW
2020-03-25,18:00:00,16.58,81.14,1.87,1.87,9.51,27.76,40.35,135.44,5.711,5.961,6.592,7.535,9.589,23743.17,31.06,81.21,1007.06,5.81,22.7,4.1,7,10900,0.01,LOW
2020-03-26,00:00:00,16.1,80.65,5.57,17.62,31.68,45.95,77.58,141.15,6.04,5.711,6.281,7.307,8.948,39148.87,30.7,77.62,1003.9,6.58,18.2,2.1,9,12450,0.0213,LOW
2020-03-26,06:00:00,16.14,80.71,2.76,8.85,20.46,20.46,40.95,142.3,6.109,6.04,5.961,6.842,8.053,25230.6,32.16,78.26,1000.08,9.2,21.4,3.7,9,8320,0.0251,LOW
2020-03-26,12:00:00,16.18,80.75,4.95,17.64,27.69,52.39,65.76,207.22,6.164,6.109,5.711,6.592,7.922,34568.81,27.97,77.72,1011.87,9.26,14.7,1.2,8,15620,0.0384,LOW
2020-03-26,18:00:00,16.22,80.8,2.87,11.87,18.49,19.65,37.48,70.44,6.123,6.164,6.04,6.281,8.182,23220.36,26.9,79.66,1005.18,7.6,12.8,2.8,8,19850,0.0106,LOW
2020-03-27,00:00:00,16.28,80.84,42.0,129.46,257.38,428.99,711.09,2183.29,12.199,6.123,6.109,5.961,7.416,271887.36,29.07,63.24,1002.86,5.31,25.1,5.4,8,9130,0.99,VERY_HIGH
2020-03-27,06:00:00,16.34,80.9,2.54,5.23,5.23,5.23,17.17,64.01,11.413,12.199,6.164,5.711,7.535,29253.27,31.64,66.82,1004.51,9.39,19.3,3.1,9,14670,0.0409,LOW
2020-03-27,12:00:00,16.4,80.96,4.2,4.2,16.14,17.1,32.92,95.05,10.792,11.413,6.123,6.04,7.307,28590.57,25.85,71.53,999.58,4.49,11.9,1.6,7,22100,0.0419,LOW
2020-03-27,18:00:00,16.46,81.02,1.67,2.96,2.96,5.78,5.78,5.78,9.923,10.792,12.199,6.109,6.842,17930.01,28.07,78.31,1013.34,6.84,28.4,6.2,3,7650,0.0215,LOW
2020-03-28,00:00:00,16.52,81.08,5.94,17.39,25.5,52.97,109.14,365.38,9.814,9.923,11.413,6.164,6.592,55891.28,26.81,69.83,1004.31,8.13,16.5,2.4,7,17400,0.444,MODERATE
2020-03-28,06:00:00,16.58,81.14,2.22,8.83,18.31,36.33,65.18,145.29,9.741,9.814,10.792,6.123,6.281,39623.05,30.56,82.5,1005.89,6.38,22.7,4.1,5,10900,0.0508,LOW
2020-03-28,12:00:00,16.1,80.65,1.65,4.49,7.93,12.74,14.27,24.84,9.093,9.741,9.923,12.199,5.961,20512.03,28.79,82.62,1019.3,4.94,18.2,2.1,5,12450,0.0174,LOW
2020-03-28,18:00:00,16.14,80.71,0.77,2.16,15.01,26.49,45.07,106.53,8.643,9.093,9.814,11.413,5.711,32212.56,27.44,78.9,1001.17,9.53,21.4,3.7,5,8320,0.0268,LOW
2020-03-29,00:00:00,16.18,80.75,1.96,2.0,16.59,32.32,56.32,126.17,8.171,8.643,9.741,10.792,6.04,34338.64,27.42,64.36,1002.32,8.1,14.7,1.2,5,15620,0.033,LOW
2020-03-29,06:00:00,16.22,80.8,6.2,16.05,39.69,54.78,86.73,309.33,8.032,8.171,9.093,9.923,6.109,44047.24,26.17,80.62,1012.71,10.57,12.8,2.8,9,19850,0.1004,LOW
2020-03-29,12:00:00,16.28,80.84,0.55,0.55,0.55,19.61,39.26,103.75,7.743,8.032,8.643,9.814,6.164,26983.29,29.51,79.54,1005.75,8.54,25.1,5.4,7,9130,0.0177,LOW
2020-03-29,18:00:00,16.34,80.9,6.07,13.84,19.55,34.9,89.68,280.82,7.868,7.743,8.171,9.741,6.123,46019.11,32.76,88.18,1009.93,9.68,19.3,3.1,5,14670,0.0749,LOW
2020-03-30,00:00:00,16.4,80.96,0.42,0.93,1.7,9.7,26.13,71.54,7.148,7.868,8.032,9.093,12.199,22869.77,27.84,76.52,1008.35,10.01,11.9,1.6,8,22100,0.015,LOW
2020-03-30,06:00:00,16.46,81.02,5.84,18.14,51.95,98.62,154.08,372.41,8.203,7.148,7.743,8.643,11.413,68822.49,23.0,75.27,1011.33,10.5,28.4,6.2,6,7650,0.2446,LOW
2020-03-30,12:00:00,16.52,81.08,4.0,4.0,4.0,18.45,39.04,98.98,7.77,8.203,7.868,8.171,10.792,28203.43,26.95,62.84,1004.21,9.97,16.5,2.4,8,17400,0.015,LOW
2020-03-30,18:00:00,16.58,81.14,1.65,7.0,8.43,11.75,26.84,72.43,7.609,7.77,7.148,8.032,9.923,21226.6,28.43,82.45,1013.0,9.26,22.7,4.1,7,10900,0.0178,LOW
2020-03-31,00:00:00,16.1,80.65,1.24,1.24,8.5,20.82,49.89,163.08,7.322,7.609,8.203,7.743,9.814,30269.94,28.66,78.61,1011.3,6.1,18.2,2.1,7,12450,0.0153,LOW
2020-03-31,06:00:00,16.14,80.71,0.18,5.64,11.43,11.43,11.43,11.43,6.916,7.322,7.77,7.868,9.741,16396.29,30.36,72.35,1006.17,4.9,21.4,3.7,7,8320,0.0108,LOW
2020-03-31,12:00:00,16.18,80.75,0.16,4.24,4.24,20.33,26.12,68.58,6.573,6.916,7.609,7.148,9.093,22583.8,30.51,73.94,1004.0,6.86,14.7,1.2,7,15620,0.01,LOW
2020-03-31,18:00:00,16.22,80.8,5.18,11.3,16.68,26.94,34.03,123.35,6.355,6.573,7.322,8.203,8.643,22745.6,30.16,77.16,998.27,3.92,12.8,2.8,6,19850,0.0141,LOW
2020-04-01,00:00:00,16.28,80.84,9.97,30.08,66.21,98.12,136.12,409.3,6.773,6.355,6.916,7.77,8.171,58942.52,28.11,78.18,1006.75,9.42,25.1,5.4,11,9130,0.1541,LOW
2020-04-01,06:00:00,16.34,80.9,2.67,9.25,10.29,11.51,22.27,38.03,6.673,6.773,6.573,7.609,8.032,17429.39,30.4,77.76,1007.3,14.32,19.3,3.1,12,14670,0.01,LOW
2020-04-01,12:00:00,16.4,80.96,1.61,4.59,14.25,30.75,49.67,146.93,6.628,6.673,6.355,7.322,7.743,29653.88,29.14,81.43,1004.0,3.69,11.9,1.6,4,22100,0.0419,LOW
2020-04-01,18:00:00,16.46,81.02,7.72,23.04,42.57,57.3,82.33,209.35,6.895,6.628,6.773,6.916,7.868,42195.64,28.98,68.84,1006.9,12.15,28.4,6.2,9,7650,0.0349,LOW
2020-04-02,00:00:00,16.52,81.08,5.27,14.69,26.6,46.62,61.72,113.4,6.781,6.895,6.673,6.573,7.148,31506.31,27.58,80.74,1004.75,7.76,16.5,2.4,7,17400,0.0159,LOW
2020-04-02,06:00:00,16.58,81.14,1.32,5.0,9.88,18.8,34.92,161.47,6.443,6.781,6.628,6.355,8.203,25040.82,26.34,81.08,1006.81,8.06,22.7,4.1,8,10900,0.0183,LOW
2020-04-02,12:00:00,16.1,80.65,3.5,10.69,23.67,36.23,53.95,147.55,6.361,6.443,6.895,6.773,7.77,30232.9,28.5,85.17,1004.49,5.41,18.2,2.1,5,12450,0.0298,LOW
2020-04-02,18:00:00,16.14,80.71,8.95,18.61,44.51,80.49,175.79,452.81,7.412,6.361,6.781,6.673,7.609,76103.84,28.49,75.62,1006.72,4.74,21.4,3.7,5,8320,0.3494,MODERATE
2020-04-03,00:00:00,16.18,80.75,1.27,3.77,3.77,3.77,3.77,13.66,7.073,7.412,6.443,6.628,7.322,14478.5,24.72,69.84,1012.34,5.73,14.7,1.2,8,15620,0.01,LOW
2020-04-03,06:00:00,16.22,80.8,2.66,10.0,28.92,47.96,67.67,202.37,7.12,7.073,6.361,6.895,6.916,38508.73,29.2,74.92,1005.33,11.08,12.8,2.8,6,19850,0.045,LOW
2020-04-03,12:00:00,16.28,80.84,1.56,1.56,1.56,1.56,4.21,36.98,6.908,7.12,7.412,6.781,6.573,12995.5,30.9,78.39,1006.14,5.07,25.1,5.4,9,9130,0.01,LOW
2020-04-03,18:00:00,16.34,80.9,1.65,1.65,10.25,32.11,50.94,173.82,6.898,6.908,7.073,6.443,6.355,30501.22,30.98,81.63,1005.75,9.38,19.3,3.1,7,14670,0.0244,LOW
2020-04-04,00:00:00,16.4,80.96,13.05,26.12,41.11,80.09,163.31,371.4,7.779,6.898,7.12,6.361,6.773,68909.99,28.6,71.92,1012.78,7.11,11.9,1.6,9,22100,0.4743,MODERATE
2020-04-04,06:00:00,16.46,81.02,3.28,9.74,22.74,29.66,56.01,94.86,7.365,7.779,6.908,7.412,6.673,31150.91,22.33,79.63,1000.77,5.89,28.4,6.2,4,7650,0.0159,LOW
2020-04-04,12:00:00,16.52,81.08,3.48,8.07,16.59,16.59,34.79,98.41,6.975,7.365,6.898,7.073,6.628,26217.18,30.73,65.87,1012.21,9.99,16.5,2.4,6,17400,0.0163,LOW
2020-04-04,18:00:00,16.58,81.14,4.58,12.98,17.13,18.24,32.05,66.19,6.267,6.975,7.779,7.12,6.895,21289.32,23.88,70.75,1011.09,6.7,22.7,4.1,7,10900,0.0107,LOW
2020-04-05,00:00:00,16.1,80.65,2.21,2.95,12.41,16.85,49.11,123.63,6.208,6.267,7.365,6.908,6.781,27692.91,29.43,88.06,1005.71,7.49,18.2,2.1,6,12450,0.0165,LOW
2020-04-05,06:00:00,16.14,80.71,1.51,4.69,4.69,10.98,10.98,41.28,6.085,6.208,6.975,6.898,6.443,14574.98,28.81,77.07,1001.72,9.05,21.4,3.7,5,8320,0.01,LOW
2020-04-05,12:00:00,16.18,80.75,2.77,10.61,28.58,43.75,78.26,193.49,6.328,6.085,6.267,7.779,6.361,38691.72,30.47,82.46,1001.4,8.49,14.7,1.2,9,15620,0.0336,LOW
2020-04-05,18:00:00,16.22,80.8,1.97,1.97,5.35,5.35,5.35,11.21,5.886,6.328,6.208,7.365,7.412,13888.04,27.86,84.89,1011.56,12.87,12.8,2.8,7,19850,0.01,LOW
2020-04-06,00:00:00,16.28,80.84,1.83,6.61,13.86,20.18,26.86,26.86,5.212,5.886,6.085,6.975,7.073,18352.35,26.52,82.38,1010.0,8.96,25.1,5.4,9,9130,0.01,LOW
2020-04-06,06:00:00,16.34,80.9,1.6,1.6,1.6,1.6,1.6,1.6,4.893,5.212,6.328,6.267,7.12,7621.41,30.11,77.3,1005.65,9.66,19.3,3.1,9,14670,0.01,LOW
2020-04-06,12:00:00,16.4,80.96,7.21,14.57,31.12,41.84,67.34,178.12,5.015,4.893,5.886,6.208,6.908,33177.02,26.68,82.52,1007.84,7.73,11.9,1.6,7,22100,0.0159,LOW
2020-04-06,18:00:00,16.46,81.02,1.33,4.0,4.37,4.37,6.58,38.84,4.473,5.015,5.212,6.085,6.898,9763.09,30.47,91.18,1009.87,6.44,28.4,6.2,7,7650,0.01,LOW
2020-04-07,00:00:00,16.52,81.08,0.38,4.06,10.38,23.63,25.22,78.04,4.292,4.473,4.893,6.328,7.779,18274.74,30.55,87.66,1005.49,5.31,16.5,2.4,3,17400,0.01,LOW
2020-04-07,06:00:00,16.58,81.14,51.39,120.44,203.8,376.91,725.87,2349.86,10.963,4.292,5.015,5.886,7.365,273959.0,32.34,63.74,1009.61,5.95,22.7,4.1,8,10900,0.99,VERY_HIGH
2020-04-07,12:00:00,16.1,80.65,6.39,12.81,27.58,27.62,44.52,106.3,10.551,10.963,4.473,5.212,6.975,35485.66,25.7,76.51,1004.25,6.72,18.2,2.1,6,12450,0.137,LOW
2020-04-07,18:00:00,16.14,80.71,1.49,4.24,5.99,22.77,58.14,135.94,10.254,10.551,4.292,4.893,6.267,37471.34,31.27,68.1,1008.51,10.18,21.4,3.7,9,8320,0.064,LOW
2020-04-08,00:00:00,16.18,80.75,1.28,1.7,4.59,4.59,4.59,20.2,9.694,10.254,10.963,5.015,6.208,18617.7,30.21,72.59,1003.39,6.79,14.7,1.2,3,15620,0.0505,LOW
2020-04-08,06:00:00,16.22,80.8,0.38,5.14,8.79,14.47,21.17,50.99,9.199,9.694,10.551,4.473,6.085,23800.19,34.96,79.67,1007.69,9.59,12.8,2.8,8,19850,0.0207,LOW
2020-04-08,12:00:00,16.28,80.84,4.25,9.5,19.1,30.26,65.5,210.54,9.22,9.199,10.254,4.292,6.328,37839.6,30.75,86.35,999.4,6.47,25.1,5.4,9,9130,0.0854,LOW
2020-04-08,18:00:00,16.34,80.9,2.91,3.01,3.01,18.01,35.18,94.91,8.661,9.22,9.694,10.963,5.886,29118.59,31.29,70.44,1006.15,5.7,19.3,3.1,12,14670,0.0314,LOW
2020-04-09,00:00:00,16.4,80.96,3.58,10.9,21.13,28.23,42.89,169.68,8.103,8.661,9.199,10.551,5.212,29741.93,30.34,82.32,1005.03,5.96,11.9,1.6,4,22100,0.0473,LOW
2020-04-09,06:00:00,16.46,81.02,9.26,21.15,41.51,80.37,131.87,260.69,8.516,8.103,9.22,10.254,4.893,62882.43,30.32,81.67,1005.22,8.76,28.4,6.2,6,7650,0.168,LOW
2020-04-09,12:00:00,16.52,81.08,3.57,7.16,13.95,18.44,39.57,84.85,8.227,8.516,8.661,9.694,5.015,31431.45,25.3,73.55,1007.93,10.52,16.5,2.4,5,17400,0.0289,LOW
2020-04-09,18:00:00,16.58,81.14,2.4,3.5,10.5,22.01,30.58,92.14,8.151,8.227,8.103,9.199,4.473,25550.77,26.35,71.23,996.97,9.41,22.7,4.1,6,10900,0.0124,LOW
2020-04-10,00:00:00,16.1,80.65,1.85,1.93,10.9,31.74,83.15,248.46,8.199,8.151,8.516,9.22,4.292,42225.26,29.65,73.76,1006.64,6.33,18.2,2.1,9,12450,0.0599,LOW
2020-04-10,06:00:00,16.14,80.71,6.35,13.27,29.96,49.1,95.61,317.29,8.301,8.199,8.227,8.661,10.963,47775.53,30.27,73.16,1002.53,5.55,21.4,3.7,9,8320,0.2506,MODERATE
2020-04-10,12:00:00,16.18,80.75,5.45,14.58,30.44,40.95,57.11,102.88,8.264,8.301,8.151,8.103,10.551,34482.41,30.03,84.41,1011.05,4.91,14.7,1.2,5,15620,0.0565,LOW
2020-04-10,18:00:00,16.22,80.8,3.42,11.55,24.74,44.45,72.27,147.46,7.991,8.264,8.199,8.516,10.254,39784.55,26.41,77.44,1012.31,5.23,12.8,2.8,6,19850,0.0461,LOW
2020-04-11,00:00:00,16.28,80.84,1.93,8.37,18.88,25.67,60.86,141.33,8.151,7.991,8.301,8.227,9.694,36080.18,25.94,84.66,1014.3,7.95,25.1,5.4,6,9130,0.0309,LOW
2020-04-11,06:00:00,16.34,80.9,10.66,20.46,39.24,83.79,135.95,324.76,8.403,8.151,8.264,8.151,9.199,60292.53,29.1,84.13,1003.42,6.23,19.3,3.1,6,14670,0.2594,MODERATE
2020-04-11,12:00:00,16.4,80.96,1.33,3.95,3.95,9.6,19.67,87.74,8.348,8.403,7.991,8.199,9.22,22302.35,28.95,86.38,1010.13,6.28,11.9,1.6,10,22100,0.0175,LOW
2020-04-11,18:00:00,16.46,81.02,13.93,47.92,95.03,185.81,304.39,998.51,10.411,8.348,8.151,8.301,8.661,125514.02,26.92,67.9,1005.41,8.83,28.4,6.2,6,7650,0.99,VERY_HIGH
2020-04-12,00:00:00,16.52,81.08,16.15,25.07,42.84,63.74,109.47,250.44,10.756,10.411,8.403,8.264,8.103,55809.68,32.3,85.02,1009.7,7.23,16.5,2.4,7,17400,0.2089,LOW
2020-04-12,06:00:00,16.58,81.14,15.4,31.14,49.44,67.94,136.71,406.16,10.87,10.756,8.348,7.991,8.516,66323.31,30.39,77.31,1001.42,6.72,22.7,4.1,8,10900,0.4574,MODERATE
2020-04-12,12:00:00,16.1,80.65,31.13,58.65,115.26,205.47,317.69,960.73,12.825,10.87,10.411,8.151,8.227,132214.92,32.98,78.95,1004.86,9.47,18.2,2.1,6,12450,0.99,VERY_HIGH
2020-04-12,18:00:00,16.14,80.71,9.27,20.0,45.08,56.81,84.31,273.1,12.468,12.825,10.756,8.403,8.151,51363.82,29.97,73.42,1003.27,10.17,21.4,3.7,12,8320,0.3296,MODERATE
2020-04-13,00:00:00,16.18,80.75,7.72,26.14,28.1,39.82,54.96,151.05,11.54,12.468,10.87,8.348,8.199,38230.58,34.11,74.32,1005.38,10.71,14.7,1.2,6,15620,0.1833,LOW
2020-04-13,06:00:00,16.22,80.8,2.52,2.52,3.91,21.95,37.99,121.52,10.884,11.54,12.825,10.411,8.301,33587.69,30.93,70.87,1006.31,8.75,12.8,2.8,10,19850,0.085,LOW
2020-04-13,12:00:00,16.28,80.84,0.39,0.61,0.61,0.61,11.79,35.66,9.891,10.884,12.468,10.756,8.264,22876.84,27.18,77.52,1003.87,9.33,25.1,5.4,5,9130,0.011,LOW
2020-04-13,18:00:00,16.34,80.9,0.79,2.47,4.86,13.75,17.36,62.52,9.259,9.891,11.54,10.87,7.991,21802.46,27.34,75.87,1005.05,11.21,19.3,3.1,9,14670,0.0204,LOW
2020-04-14,00:00:00,16.4,80.96,10.41,30.15,56.43,86.02,152.49,497.99,10.32,9.259,10.884,12.825,8.151,72662.89,26.77,81.69,1005.85,7.4,11.9,1.6,7,22100,0.6088,HIGH
2020-04-14,06:00:00,16.46,81.02,3.09,12.6,16.82,22.06,39.02,98.39,9.557,10.32,9.891,12.468,8.403,29686.8,26.63,78.61,1009.13,9.65,28.4,6.2,7,7650,0.0266,LOW
2020-04-14,12:00:00,16.52,81.08,9.67,19.02,36.23,60.9,111.58,418.84,10.118,9.557,9.259,11.54,8.348,56009.78,25.95,71.2,996.04,8.18,16.5,2.4,8,17400,0.4212,MODERATE
2020-04-14,18:00:00,16.58,81.14,1.3,8.75,10.05,14.41,27.52,144.68,9.588,10.118,10.32,10.884,10.411,28601.77,28.1,70.21,1000.37,5.49,22.7,4.1,7,10900,0.0562,LOW
2020-04-15,00:00:00,16.1,80.65,2.15,5.4,5.4,7.01,7.01,30.4,8.904,9.588,9.557,9.891,10.756,17276.15,29.38,80.07,1002.99,6.06,18.2,2.1,4,12450,0.018,LOW
2020-04-15,06:00:00,16.14,80.71,42.44,122.28,222.5,384.88,603.1,1277.92,12.739,8.904,10.118,9.259,10.87,236014.91,30.36,88.55,1004.21,14.01,21.4,3.7,7,8320,0.99,VERY_HIGH
2020-04-15,12:00:00,16.18,80.75,12.12,32.83,62.14,95.47,196.23,379.91,13.598,12.739,9.588,10.32,12.825,93447.48,33.21,72.7,1006.02,5.79,14.7,1.2,9,15620,0.8861,VERY_HIGH
2020-04-15,18:00:00,16.22,80.8,5.81,16.95,31.27,62.05,89.89,261.51,13.332,13.598,8.904,9.557,12.468,56353.9,29.05,73.98,1009.78,10.02,12.8,2.8,10,19850,0.4427,MODERATE
2020-04-16,00:00:00,16.28,80.84,8.11,18.54,33.02,83.95,130.91,317.47,13.102,13.332,12.739,10.118,11.54,69916.71,29.7,80.05,1011.44,4.28,25.1,5.4,11,9130,0.65,HIGH
2020-04-16,06:00:00,16.34,80.9,6.69,15.17,28.24,50.49,85.51,269.16,12.462,13.102,13.598,9.588,10.884,53297.57,31.4,73.01,1008.39,5.14,19.3,3.1,6,14670,0.353,MODERATE
2020-04-16,12:00:00,16.4,80.96,0.84,2.88,7.79,14.22,14.22,32.5,11.475,12.462,13.332,8.904,9.891,24627.66,26.24,78.93,1006.54,11.99,11.9,1.6,9,22100,0.0725,LOW
2020-04-16,18:00:00,16.46,81.02,3.5,8.41,19.09,22.64,55.93,102.01,10.593,11.475,13.102,12.739,9.259,39624.67,32.65,69.61,1015.84,13.35,28.4,6.2,6,7650,0.0459,LOW
2020-04-17,00:00:00,16.52,81.08,36.25,72.83,128.94,199.42,348.94,925.86,12.972,10.593,12.462,13.598,10.32,145273.64,30.79,70.98,1007.7,7.62,16.5,2.4,6,17400,0.99,VERY_HIGH
2020-04-17,06:00:00,16.58,81.14,2.42,12.52,22.33,40.59,74.08,271.81,12.686,12.972,11.475,13.332,9.557,46818.08,26.53,76.87,1001.44,8.89,22.7,4.1,4,10900,0.204,LOW
2020-04-17,12:00:00,16.1,80.65,2.5,9.26,23.6,35.48,69.84,169.69,11.916,12.686,10.593,13.102,10.118,45506.91,27.73,77.47,1001.52,13.59,18.2,2.1,11,12450,0.2071,LOW
2020-04-17,18:00:00,16.14,80.71,0.56,0.56,3.68,5.21,9.03,41.31,10.578,11.916,12.972,12.462,9.588,21374.67,27.61,83.73,1013.2,7.39,21.4,3.7,6,8320,0.0657,LOW
2020-04-18,00:00:00,16.18,80.75,11.59,22.95,44.82,68.22,138.89,416.37,11.146,10.578,12.686,11.475,8.904,68392.53,29.51,70.99,1011.46,6.46,14.7,1.2,6,15620,0.6355,HIGH
2020-04-18,06:00:00,16.22,80.8,0.91,1.77,1.77,1.77,1.77,39.89,10.44,11.146,11.916,10.593,12.739,20540.98,31.51,73.7,1008.07,9.35,12.8,2.8,5,19850,0.03,LOW
2020-04-18,12:00:00,16.28,80.84,5.25,9.54,24.14,47.76,85.21,159.39,10.16,10.44,10.578,12.972,13.598,47688.8,27.37,79.71,1006.98,10.41,25.1,5.4,7,9130,0.2105,LOW
2020-04-18,18:00:00,16.34,80.9,7.77,15.51,39.73,77.98,119.98,339.25,10.281,10.16,11.146,12.686,13.332,61157.3,30.96,87.15,1008.63,8.67,19.3,3.1,5,14670,0.3672,MODERATE
2020-04-19,00:00:00,16.4,80.96,2.18,2.18,5.54,5.54,17.08,79.22,9.34,10.281,10.44,11.916,13.102,25112.59,24.29,72.35,1006.22,11.69,11.9,1.6,7,22100,0.0337,LOW
2020-04-19,06:00:00,16.46,81.02,2.45,11.13,11.13,13.16,17.79,76.35,8.23,9.34,10.16,10.578,12.462,22413.94,29.91,83.29,1012.6,6.2,28.4,6.2,5,7650,0.0118,LOW
2020-04-19,12:00:00,16.52,81.08,4.98,9.01,13.01,25.22,56.06,98.46,7.983,8.23,10.281,11.146,11.475,33585.22,30.52,74.85,1011.12,10.6,16.5,2.4,8,17400,0.0501,LOW
2020-04-19,18:00:00,16.58,81.14,1.41,4.46,8.1,8.1,8.1,8.1,7.654,7.983,9.34,10.44,10.593,16080.76,30.56,74.85,1010.63,9.31,22.7,4.1,3,10900,0.0116,LOW
2020-04-20,00:00:00,16.1,80.65,21.58,42.8,81.08,126.92,195.1,578.67,8.505,7.654,8.23,10.16,12.972,84548.58,32.63,76.96,1007.39,13.81,18.2,2.1,6,12450,0.8212,VERY_HIGH
2020-04-20,06:00:00,16.14,80.71,6.23,14.38,35.0,74.47,119.74,384.8,8.694,8.505,7.983,10.281,12.686,57164.82,30.9,84.2,1015.61,8.71,21.4,3.7,7,8320,0.2331,LOW
2020-04-20,12:00:00,16.18,80.75,4.57,16.32,37.75,62.17,103.89,355.61,8.767,8.694,7.654,9.34,11.916,54053.06,30.99,90.62,1002.05,7.79,14.7,1.2,4,15620,0.1995,LOW
2020-04-20,18:00:00,16.22,80.8,5.24,14.84,31.8,41.7,45.5,100.0,8.559,8.767,8.505,8.23,10.578,31471.01,27.06,83.08,1001.06,10.45,12.8,2.8,3,19850,0.0178,LOW
2020-04-21,00:00:00,16.28,80.84,3.74,7.48,7.48,13.16,23.89,89.16,8.194,8.559,8.694,7.983,11.146,25572.29,25.74,72.04,1012.27,8.38,25.1,5.4,7,9130,0.013,LOW
2020-04-21,06:00:00,16.34,80.9,2.27,7.87,21.89,36.57,63.84,201.28,8.333,8.194,8.767,7.654,10.44,39572.98,28.5,65.51,1007.95,11.18,19.3,3.1,10,14670,0.0339,LOW
2020-04-21,12:00:00,16.4,80.96,3.55,11.43,11.43,18.56,42.4,124.24,8.084,8.333,8.559,8.505,10.16,30145.96,31.1,83.65,1002.87,5.04,11.9,1.6,8,22100,0.0321,LOW
2020-04-21,18:00:00,16.46,81.02,1.37,5.99,11.18,11.18,31.63,109.76,7.794,8.084,8.194,8.694,10.281,26225.85,28.67,79.67,1003.36,5.13,28.4,6.2,5,7650,0.0132,LOW
2020-04-22,00:00:00,16.52,81.08,7.69,12.87,27.84,51.99,105.42,304.8,8.128,7.794,8.333,8.767,9.34,51986.48,29.14,74.94,1007.23,9.26,16.5,2.4,7,17400,0.2283,LOW
2020-04-22,06:00:00,16.58,81.14,1.48,2.65,2.92,9.44,9.94,57.33,7.558,8.128,8.084,8.559,8.23,15868.39,25.56,78.8,1007.78,8.16,22.7,4.1,9,10900,0.01,LOW
2020-04-22,12:00:00,16.1,80.65,8.34,22.9,38.45,62.96,110.4,340.28,7.633,7.558,7.794,8.194,7.983,52943.73,25.01,78.33,1007.42,6.99,18.2,2.1,7,12450,0.2297,LOW
2020-04-22,18:00:00,16.14,80.71,1.15,2.54,9.64,14.29,24.54,53.08,7.37,7.633,8.128,8.333,7.654,22516.24,32.39,68.79,1002.1,8.49,21.4,3.7,6,8320,0.0141,LOW
2020-04-23,00:00:00,16.18,80.75,50.07,104.87,177.07,339.43,646.88,2211.22,12.809,7.37,7.558,8.084,8.505,248290.56,27.5,73.79,1007.41,5.92,14.7,1.2,8,15620,0.99,VERY_HIGH
2020-04-23,06:00:00,16.22,80.8,1.23,4.72,6.72,6.72,17.36,17.36,11.595,12.809,7.633,7.794,8.694,26588.57,26.61,75.81,1003.04,9.66,12.8,2.8,7,19850,0.0366,LOW
2020-04-23,12:00:00,16.28,80.84,2.05,5.44,7.36,27.56,68.39,197.41,10.833,11.595,7.37,8.128,8.767,44201.72,27.74,65.42,1004.32,9.34,25.1,5.4,6,9130,0.1306,LOW
2020-04-23,18:00:00,16.34,80.9,0.31,0.31,0.31,0.31,13.45,38.03,9.896,10.833,12.809,7.558,8.559,24114.33,30.17,85.51,1005.58,11.75,19.3,3.1,5,14670,0.0362,LOW
2020-04-24,00:00:00,16.4,80.96,3.97,12.14,19.02,46.68,75.7,210.6,9.543,9.896,11.595,7.633,8.194,44841.18,28.27,68.49,1009.0,11.61,11.9,1.6,7,22100,0.1096,LOW
2020-04-24,06:00:00,16.46,81.02,2.63,6.8,18.67,28.39,33.66,93.16,9.021,9.543,10.833,7.37,8.333,26462.13,28.55,82.43,1008.02,10.92,28.4,6.2,7,7650,0.01,LOW
2020-04-24,12:00:00,16.52,81.08,2.41,2.67,3.68,11.49,11.49,56.84,8.152,9.021,9.896,12.809,8.084,18563.05,31.8,77.24,1004.22,7.39,16.5,2.4,7,17400,0.0164,LOW
2020-04-24,18:00:00,16.58,81.14,8.72,26.55,55.27,102.24,148.92,427.17,8.735,8.152,9.543,11.595,7.794,67444.54,28.57,81.93,1008.43,5.23,22.7,4.1,5,10900,0.2477,LOW
2020-04-25,00:00:00,16.1,80.65,2.49,6.39,11.75,12.43,14.84,54.72,8.339,8.735,9.021,10.833,8.128,17696.15,26.96,83.34,1008.23,10.96,18.2,2.1,7,12450,0.0113,LOW
2020-04-25,06:00:00,16.14,80.71,0.28,0.28,0.28,0.28,0.28,2.09,7.838,8.339,8.152,9.896,7.558,14392.49,30.53,74.46,1002.9,11.25,21.4,3.7,4,8320,0.01,LOW
2020-04-25,12:00:00,16.18,80.75,3.31,7.79,10.65,17.05,47.93,112.22,8.047,7.838,8.735,9.543,7.633,31469.96,29.44,83.82,1005.98,5.64,14.7,1.2,8,15620,0.05,LOW
2020-04-25,18:00:00,16.22,80.8,3.56,7.63,14.91,34.04,59.66,192.07,7.683,8.047,8.339,9.021,7.37,34074.97,31.69,88.63,1007.8,8.73,12.8,2.8,9,19850,0.0411,LOW
2020-04-26,00:00:00,16.28,80.84,1.55,5.25,8.89,8.89,8.89,34.76,7.168,7.683,7.838,8.152,12.809,15678.96,29.54,79.95,1006.8,8.13,25.1,5.4,10,9130,0.01,LOW
2020-04-26,06:00:00,16.34,80.9,1.03,8.1,13.76,26.65,52.0,142.99,7.237,7.168,8.047,8.735,11.595,30585.15,30.39,69.64,1010.82,7.11,19.3,3.1,6,14670,0.0191,LOW
2020-04-26,12:00:00,16.4,80.96,2.72,4.3,8.93,16.96,16.96,43.42,6.857,7.237,7.683,8.339,10.833,18859.59,24.29,75.37,1009.48,7.71,11.9,1.6,8,22100,0.01,LOW
2020-04-26,18:00:00,16.46,81.02,9.49,17.28,38.25,79.17,120.88,299.82,6.957,6.857,7.168,7.838,9.896,53719.68,31.32,65.49,1007.82,10.27,28.4,6.2,8,7650,0.1342,LOW
2020-04-27,00:00:00,16.52,81.08,1.53,7.8,7.8,9.11,27.1,45.3,6.452,6.957,7.237,8.047,9.543,21027.84,27.78,73.75,1007.0,4.05,16.5,2.4,9,17400,0.01,LOW
2020-04-27,06:00:00,16.58,81.14,0.59,4.53,5.53,5.53,5.53,13.71,5.79,6.452,6.857,7.683,9.021,14372.39,29.84,70.6,1011.6,3.86,22.7,4.1,4,10900,0.01,LOW
2020-04-27,12:00:00,16.1,80.65,3.67,5.47,25.83,43.23,77.29,153.98,5.416,5.79,6.957,7.168,8.152,35241.14,29.68,73.05,1004.63,5.56,18.2,2.1,10,12450,0.0329,LOW
2020-04-27,18:00:00,16.14,80.71,8.83,23.53,41.52,72.45,128.7,328.66,5.906,5.416,6.452,7.237,8.735,56081.37,29.94,78.9,1007.02,10.28,21.4,3.7,8,8320,0.0618,LOW
2020-04-28,00:00:00,16.18,80.75,23.2,37.94,83.3,132.83,243.7,745.96,7.724,5.906,5.79,6.857,8.339,99463.71,25.11,82.52,1010.23,10.13,14.7,1.2,11,15620,0.9234,VERY_HIGH
2020-04-28,06:00:00,16.22,80.8,53.22,128.28,200.11,321.11,524.92,1078.98,10.827,7.724,5.416,6.957,7.838,203644.54,28.01,74.11,1007.29,4.01,12.8,2.8,9,19850,0.99,VERY_HIGH
2020-04-28,12:00:00,16.28,80.84,3.69,12.61,24.39,35.25,64.16,198.33,10.407,10.827,5.906,6.452,8.047,41351.66,29.14,81.52,1007.63,5.87,25.1,5.4,7,9130,0.1285,LOW
2020-04-28,18:00:00,16.34,80.9,1.62,7.81,19.13,38.98,78.78,235.62,10.212,10.407,7.724,5.79,7.683,46123.58,28.13,78.4,1011.93,11.58,19.3,3.1,4,14670,0.2142,LOW
2020-04-29,00:00:00,16.4,80.96,2.15,9.24,12.5,21.65,21.65,89.65,9.665,10.212,10.827,5.416,7.168,25748.64,24.34,76.49,1005.63,7.61,11.9,1.6,5,22100,0.0687,LOW
2020-04-29,06:00:00,16.46,81.02,5.83,12.14,20.77,43.67,88.49,214.79,9.612,9.665,10.407,5.906,7.237,50440.25,30.57,74.19,1001.39,7.53,28.4,6.2,6,7650,0.0753,LOW
2020-04-29,12:00:00,16.52,81.08,2.0,7.73,15.19,26.86,38.68,91.36,9.117,9.612,10.212,7.724,6.857,30691.77,30.94,79.65,1008.55,10.27,16.5,2.4,8,17400,0.0343,LOW
2020-04-29,18:00:00,16.58,81.14,3.66,3.66,4.4,8.62,8.62,36.0,8.233,9.117,9.665,10.827,6.957,17931.51,30.82,75.93,1000.8,7.42,22.7,4.1,3,10900,0.0195,LOW
2020-04-30,00:00:00,16.1,80.65,1.22,1.22,1.22,7.57,7.57,22.5,7.579,8.233,9.612,10.407,6.452,17578.12,29.35,85.77,1006.52,9.91,18.2,2.1,6,12450,0.0143,LOW
2020-04-30,06:00:00,16.14,80.71,1.96,7.26,11.09,14.52,27.24,65.36,6.761,7.579,9.117,10.212,5.79,21743.55,29.91,86.01,1000.45,6.78,21.4,3.7,10,8320,0.012,LOW
2020-04-30,12:00:00,16.18,80.75,3.35,11.63,11.9,31.76,48.3,130.66,6.777,6.761,8.233,9.665,5.416,30097.35,27.9,71.97,1011.07,4.72,14.7,1.2,7,15620,0.041,LOW
2020-04-30,18:00:00,16.22,80.8,0.89,2.06,6.96,12.93,16.62,16.62,6.678,6.777,7.579,9.612,5.906,19265.25,31.15,75.05,1007.68,4.68,12.8,2.8,6,19850,0.01,LOW
2020-05-01,00:00:00,16.28,80.84,7.06,20.85,29.4,47.38,99.25,283.72,6.841,6.678,6.761,9.117,7.724,44983.94,27.58,82.34,1008.53,9.57,25.1,5.4,7,9130,0.062,LOW
2020-05-01,06:00:00,16.34,80.9,0.98,4.54,11.45,25.54,63.54,198.1,6.583,6.841,6.777,8.233,10.827,34967.93,30.22,75.19,1005.44,13.07,19.3,3.1,6,14670,0.0261,LOW
2020-05-01,12:00:00,16.4,80.96,2.16,2.16,7.06,13.45,41.81,77.78,6.547,6.583,6.678,7.579,10.407,28437.01,28.02,67.16,1002.98,7.95,11.9,1.6,5,22100,0.0169,LOW
2020-05-01,18:00:00,16.46,81.02,2.03,2.03,8.64,18.23,18.23,32.62,5.898,6.547,6.841,6.761,10.212,16952.8,31.76,83.37,1007.31,6.92,28.4,6.2,6,7650,0.01,LOW
2020-05-02,00:00:00,16.52,81.08,0.07,4.01,4.01,10.08,16.8,54.16,5.37,5.898,6.583,6.777,9.665,16909.32,32.0,75.2,1005.19,6.0,16.5,2.4,7,17400,0.01,LOW
2020-05-02,06:00:00,16.58,81.14,0.21,3.52,5.81,5.81,5.81,7.83,4.833,5.37,6.547,6.678,9.612,10446.1,28.85,68.11,1006.68,11.79,22.7,4.1,8,10900,0.01,LOW
2020-05-02,12:00:00,16.1,80.65,3.82,9.39,22.94,38.22,87.49,290.37,5.516,4.833,5.898,6.841,9.117,43503.34,32.13,77.56,1001.14,10.19,18.2,2.1,6,12450,0.0786,LOW
2020-05-02,18:00:00,16.14,80.71,23.68,58.93,112.92,219.84,368.86,974.27,8.126,5.516,5.37,6.583,8.233,143689.26,27.55,81.11,1009.62,6.88,21.4,3.7,7,8320,0.99,VERY_HIGH
2020-05-03,00:00:00,16.18,80.75,2.9,16.4,24.72,41.15,72.26,207.42,7.952,8.126,4.833,6.547,7.579,41474.81,29.98,80.07,1006.97,9.41,14.7,1.2,4,15620,0.103,LOW
2020-05-03,06:00:00,16.22,80.8,0.83,1.74,6.21,6.21,15.49,58.27,7.472,7.952,5.516,5.898,6.761,19380.85,26.3,75.82,1008.18,11.7,12.8,2.8,4,19850,0.01,LOW
2020-05-03,12:00:00,16.28,80.84,0.6,3.01,3.01,11.02,21.16,23.51,6.726,7.472,8.126,5.37,6.777,18696.25,29.41,79.98,1009.23,7.76,25.1,5.4,6,9130,0.0106,LOW
2020-05-03,18:00:00,16.34,80.9,3.42,6.05,8.72,8.72,8.72,33.97,6.747,6.726,7.952,4.833,6.678,11575.08,32.99,74.77,1009.17,8.12,19.3,3.1,8,14670,0.01,LOW
2020-05-04,00:00:00,16.4,80.96,1.3,3.91,8.77,13.66,34.75,46.69,6.342,6.747,7.472,5.516,6.841,24564.61,29.45,77.71,1012.82,4.14,11.9,1.6,7,22100,0.0147,LOW
2020-05-04,06:00:00,16.46,81.02,0.99,0.99,0.99,0.99,14.3,14.3,5.745,6.342,6.726,8.126,6.583,16145.04,29.88,76.42,1009.09,5.52,28.4,6.2,8,7650,0.01,LOW
2020-05-04,12:00:00,16.52,81.08,3.63,6.55,13.48,23.43,36.97,103.12,5.497,5.745,6.747,7.952,6.547,23462.32,27.99,75.49,1001.58,3.83,16.5,2.4,5,17400,0.01,LOW
2020-05-04,18:00:00,16.58,81.14,1.2,7.71,19.78,39.71,52.5,93.45,5.371,5.497,6.342,7.472,5.898,27463.84,27.28,74.15,1008.71,8.25,22.7,4.1,8,10900,0.01,LOW
2020-05-05,00:00:00,16.1,80.65,4.95,11.09,33.69,67.86,99.58,352.34,5.689,5.371,5.745,6.726,5.37,44709.04,29.26,78.83,1005.86,8.2,18.2,2.1,7,12450,0.1119,LOW
2020-05-05,06:00:00,16.14,80.71,2.93,6.51,16.83,22.48,31.82,82.78,5.39,5.689,5.497,6.747,4.833,23008.5,27.86,73.82,1007.5,5.93,21.4,3.7,5,8320,0.0107,LOW
2020-05-05,12:00:00,16.18,80.75,6.25,13.29,25.02,51.78,91.3,220.43,5.968,5.39,5.371,6.342,5.516,42959.65,26.23,80.37,1015.08,10.7,14.7,1.2,5,15620,0.0722,LOW
2020-05-05,18:00:00,16.22,80.8,5.93,15.68,28.77,49.9,73.97,208.59,6.203,5.968,5.689,5.745,8.126,36436.83,28.8,63.1,1009.86,8.46,12.8,2.8,5,19850,0.0424,LOW
2020-05-06,00:00:00,16.28,80.84,1.43,4.9,13.17,17.82,48.88,134.78,6.305,6.203,5.39,5.497,7.952,29497.39,25.08,62.49,1004.8,7.55,25.1,5.4,5,9130,0.0156,LOW
2020-05-06,06:00:00,16.34,80.9,0.98,5.92,16.76,28.5,34.09,89.47,6.12,6.305,5.968,5.371,7.472,23789.06,30.79,76.12,1012.97,12.49,19.3,3.1,6,14670,0.01,LOW
2020-05-06,12:00:00,16.4,80.96,8.38,19.74,23.43,39.36,66.86,144.32,6.205,6.12,6.203,5.689,6.726,35362.17,25.09,70.66,1004.25,11.63,11.9,1.6,9,22100,0.0177,LOW
2020-05-06,18:00:00,16.46,81.02,8.55,22.93,41.89,61.67,79.74,183.3,6.1,6.205,6.305,5.39,6.747,38165.0,31.23,81.24,1009.88,10.11,28.4,6.2,7,7650,0.0394,LOW
2020-05-07,00:00:00,16.52,81.08,0.43,0.43,9.83,27.61,51.27,154.76,6.24,6.1,6.12,5.968,6.342,29782.59,28.44,66.32,1006.66,10.11,16.5,2.4,3,17400,0.0177,LOW
2020-05-07,06:00:00,16.58,81.14,1.77,1.77,3.51,11.13,25.95,79.23,5.807,6.24,6.205,6.203,5.745,20851.06,30.25,78.12,1011.27,5.51,22.7,4.1,6,10900,0.01,LOW
2020-05-07,12:00:00,16.1,80.65,1.33,3.86,9.04,9.04,16.98,44.6,5.556,5.807,6.1,6.305,5.497,17044.72,28.22,73.9,1003.04,10.52,18.2,2.1,5,12450,0.01,LOW
2020-05-07,18:00:00,16.14,80.71,0.83,6.05,14.7,24.92,43.98,111.85,5.392,5.556,6.24,6.12,5.371,25156.12,29.89,73.03,999.04,4.94,21.4,3.7,11,8320,0.0105,LOW
2020-05-08,00:00:00,16.18,80.75,2.43,9.25,15.15,15.43,17.58,51.03,5.465,5.392,5.807,6.205,5.689,15185.41,28.76,76.09,1011.55,6.31,14.7,1.2,6,15620,0.01,LOW
2020-05-08,06:00:00,16.22,80.8,3.36,6.26,6.26,6.26,16.46,35.48,5.186,5.465,5.556,6.1,5.39,13728.48,28.63,76.06,1008.75,5.11,12.8,2.8,8,19850,0.01,LOW
2020-05-08,12:00:00,16.28,80.84,3.49,3.49,4.86,4.86,4.86,10.93,4.963,5.186,5.392,6.24,5.968,9231.0,30.66,72.86,1004.06,8.62,25.1,5.4,3,9130,0.01,LOW
2020-05-08,18:00:00,16.34,80.9,1.99,1.99,4.1,4.1,9.67,19.38,4.732,4.963,5.465,5.807,6.203,12541.46,33.97,72.6,1003.02,8.11,19.3,3.1,5,14670,0.01,LOW
2020-05-09,00:00:00,16.4,80.96,7.72,22.73,42.63,61.07,113.83,313.04,5.896,4.732,5.186,5.556,6.305,48920.39,29.49,80.97,1009.12,6.48,11.9,1.6,7,22100,0.0652,LOW
2020-05-09,06:00:00,16.46,81.02,14.24,32.18,65.86,137.46,278.31,887.49,7.96,5.896,4.963,5.392,6.12,113046.27,31.13,61.89,1006.94,6.62,28.4,6.2,6,7650,0.9415,VERY_HIGH
2020-05-09,12:00:00,16.52,81.08,0.49,3.78,3.78,16.33,26.1,90.95,7.406,7.96,4.732,5.465,6.205,23613.35,31.03,72.57,1007.25,6.72,16.5,2.4,5,17400,0.0115,LOW
2020-05-09,18:00:00,16.58,81.14,0.8,2.07,2.07,2.07,2.07,2.07,7.025,7.406,5.896,5.186,6.1,13395.75,30.66,74.02,1001.71,9.96,22.7,4.1,6,10900,0.01,LOW
2020-05-10,00:00:00,16.1,80.65,3.45,9.77,9.77,23.88,44.34,80.38,6.73,7.025,7.96,4.963,6.24,28550.83,28.93,76.79,1010.08,9.53,18.2,2.1,6,12450,0.0212,LOW
2020-05-10,06:00:00,16.14,80.71,24.88,69.53,160.15,276.46,519.71,1468.46,10.714,6.73,7.406,4.732,5.807,201562.56,29.76,76.18,1010.6,8.63,21.4,3.7,7,8320,0.99,VERY_HIGH
2020-05-10,12:00:00,16.18,80.75,1.59,1.59,3.03,3.32,16.39,52.21,9.775,10.714,7.025,5.896,5.556,23909.89,29.95,77.36,1006.05,11.0,14.7,1.2,7,15620,0.0383,LOW
2020-05-10,18:00:00,16.22,80.8,5.89,15.24,15.41,26.17,58.21,128.44,9.473,9.775,6.73,7.96,5.392,38142.97,31.69,66.54,1010.92,13.2,12.8,2.8,6,19850,0.0957,LOW
2020-05-11,00:00:00,16.28,80.84,3.55,6.43,9.13,11.71,23.32,69.61,8.806,9.473,10.714,7.406,5.465,23526.25,26.23,74.12,1003.27,6.91,25.1,5.4,6,9130,0.0112,LOW
2020-05-11,06:00:00,16.34,80.9,0.98,0.98,0.98,0.98,21.25,28.34,8.206,8.806,9.775,7.025,5.186,21330.83,30.1,64.6,1005.69,8.36,19.3,3.1,4,14670,0.0172,LOW
2020-05-11,12:00:00,16.4,80.96,1.0,4.56,4.56,5.13,10.86,44.88,7.689,8.206,9.473,6.73,4.963,16281.37,27.26,81.79,1002.6,6.25,11.9,1.6,11,22100,0.0193,LOW
2020-05-11,18:00:00,16.46,81.02,2.21,2.43,6.34,23.91,34.57,118.06,7.303,7.689,8.806,10.714,4.732,25151.55,27.97,85.54,1006.0,3.38,28.4,6.2,7,7650,0.0209,LOW
2020-05-12,00:00:00,16.52,81.08,1.93,8.02,17.5,29.38,44.44,122.02,7.047,7.303,8.206,9.775,5.896,28483.16,29.04,84.43,1007.71,9.82,16.5,2.4,9,17400,0.0264,LOW
2020-05-12,06:00:00,16.58,81.14,19.03,44.16,81.28,133.61,215.06,551.2,8.396,7.047,7.689,9.473,7.96,88973.23,29.72,84.0,1006.05,10.69,22.7,4.1,7,10900,0.7983,VERY_HIGH
2020-05-12,12:00:00,16.1,80.65,0.68,0.68,0.68,0.68,0.68,0.68,7.707,8.396,7.303,8.806,7.406,13513.95,31.55,83.89,1010.27,9.36,18.2,2.1,8,12450,0.01,LOW
2020-05-12,18:00:00,16.14,80.71,0.72,0.72,10.26,20.3,25.16,39.26,7.033,7.707,7.047,8.206,7.025,20434.64,27.38,77.7,1001.46,8.37,21.4,3.7,7,8320,0.0165,LOW
2020-05-13,00:00:00,16.18,80.75,1.06,7.76,21.66,42.54,75.0,211.55,6.867,7.033,8.396,7.689,6.73,38810.39,26.51,70.78,1006.95,7.81,14.7,1.2,5,15620,0.0728,LOW
2020-05-13,06:00:00,16.22,80.8,8.38,22.51,35.84,57.91,91.37,252.48,7.036,6.867,7.707,7.303,10.714,44543.62,29.95,71.18,1001.4,10.65,12.8,2.8,8,19850,0.0678,LOW
2020-05-13,12:00:00,16.28,80.84,12.12,24.4,40.13,64.95,100.76,303.28,7.052,7.036,7.033,7.047,9.775,49170.31,30.57,72.41,1002.01,4.81,25.1,5.4,7,9130,0.0467,LOW
2020-05-13,18:00:00,16.34,80.9,2.28,4.46,19.76,38.91,75.21,169.85,6.765,7.052,6.867,8.396,9.473,39057.33,27.4,66.75,999.69,10.27,19.3,3.1,5,14670,0.0258,LOW
2020-05-14,00:00:00,16.4,80.96,30.3,49.74,72.46,97.51,164.95,381.88,7.692,6.765,7.036,7.707,8.806,72048.97,27.23,76.09,1008.92,6.88,11.9,1.6,9,22100,0.3449,MODERATE
2020-05-14,06:00:00,16.46,81.02,1.32,6.65,6.65,16.34,31.19,90.65,7.328,7.692,7.052,7.033,8.206,23792.89,32.04,72.47,1007.59,8.79,28.4,6.2,3,7650,0.0188,LOW
2020-05-14,12:00:00,16.52,81.08,1.93,7.2,17.78,23.1,46.9,125.79,6.912,7.328,6.765,6.867,7.689,28619.09,31.02,91.47,1005.34,9.54,16.5,2.4,8,17400,0.0137,LOW
2020-05-14,18:00:00,16.58,81.14,2.07,2.07,5.87,13.63,25.38,84.89,6.511,6.912,7.692,7.036,7.303,20885.97,33.32,78.56,1005.68,4.23,22.7,4.1,3,10900,0.01,LOW
2020-05-15,00:00:00,16.1,80.65,1.14,6.94,17.7,18.28,40.25,105.48,6.287,6.511,7.328,7.052,7.047,25671.08,28.69,92.1,1001.3,14.12,18.2,2.1,4,12450,0.0126,LOW
2020-05-15,06:00:00,16.14,80.71,1.7,4.0,10.59,10.59,10.59,10.59,5.719,6.287,6.912,6.765,8.396,15046.43,25.4,74.99,1011.19,6.79,21.4,3.7,7,8320,0.01,LOW
2020-05-15,12:00:00,16.18,80.75,5.44,13.02,23.19,29.17,40.41,117.72,5.841,5.719,6.511,7.692,7.707,22650.73,28.33,77.7,1004.37,8.11,14.7,1.2,9,15620,0.01,LOW
2020-05-15,18:00:00,16.22,80.8,0.44,0.44,13.3,37.32,64.35,193.18,5.56,5.841,6.287,7.328,7.033,31200.51,30.41,72.3,1005.43,4.35,12.8,2.8,7,19850,0.0128,LOW
2020-05-16,00:00:00,16.28,80.84,1.72,1.72,10.33,10.33,26.81,69.6,5.234,5.56,5.719,6.912,6.867,18746.04,28.93,69.87,1005.28,8.81,25.1,5.4,6,9130,0.01,LOW
2020-05-16,06:00:00,16.34,80.9,6.03,12.5,29.99,66.0,143.78,416.74,6.297,5.234,5.841,6.511,7.036,63551.02,22.36,86.02,1009.73,13.07,19.3,3.1,9,14670,0.2544,MODERATE
2020-05-16,12:00:00,16.4,80.96,13.26,23.22,47.18,76.82,118.3,360.8,6.989,6.297,5.56,6.287,7.052,53615.56,28.34,88.22,1006.41,10.63,11.9,1.6,7,22100,0.1564,LOW
2020-05-16,18:00:00,16.46,81.02,6.65,21.28,41.64,80.04,146.69,356.45,7.406,6.989,5.234,5.719,6.765,65870.58,32.2,79.12,1003.17,5.62,28.4,6.2,0,7650,0.244,LOW
2020-05-17,00:00:00,16.52,81.08,2.76,2.76,4.48,4.48,4.48,4.48,6.699,7.406,6.297,5.841,7.692,12966.24,28.45,86.42,1006.13,6.33,16.5,2.4,4,17400,0.01,LOW
2020-05-17,06:00:00,16.58,81.14,0.77,1.08,4.11,8.07,8.22,40.85,6.106,6.699,6.989,5.56,7.328,11686.56,30.98,70.89,1004.02,6.32,22.7,4.1,6,10900,0.01,LOW
2020-05-17,12:00:00,16.1,80.65,18.47,53.22,101.59,182.92,290.01,919.85,8.539,6.106,7.406,5.234,6.912,117269.06,29.59,77.84,1006.46,9.67,18.2,2.1,5,12450,0.9666,VERY_HIGH
2020-05-17,18:00:00,16.14,80.71,5.62,12.5,24.8,36.56,78.79,256.47,8.264,8.539,6.699,6.297,6.511,41627.6,28.93,79.7,1005.77,8.72,21.4,3.7,6,8320,0.064,LOW
2020-05-18,00:00:00,16.18,80.75,1.03,1.03,1.03,3.9,5.3,22.23,7.718,8.264,6.106,6.989,6.287,14790.74,28.87,66.81,998.62,6.21,14.7,1.2,7,15620,0.0135,LOW
2020-05-18,06:00:00,16.22,80.8,2.6,10.22,16.32,16.32,47.02,55.68,6.948,7.718,8.539,7.406,5.719,29754.37,29.55,70.13,1009.35,7.05,12.8,2.8,5,19850,0.0126,LOW
2020-05-18,12:00:00,16.28,80.84,5.45,14.75,21.39,55.62,96.62,257.85,7.145,6.948,8.264,6.699,5.841,47446.96,29.06,72.03,1011.53,5.12,25.1,5.4,6,9130,0.1259,LOW
2020-05-18,18:00:00,16.34,80.9,2.26,2.55,9.7,23.77,38.36,131.7,7.107,7.145,7.718,6.106,5.56,26677.4,26.87,78.04,1009.58,6.58,19.3,3.1,7,14670,0.01,LOW
2020-05-19,00:00:00,16.4,80.96,1.96,6.65,23.02,42.1,76.56,188.58,7.188,7.107,6.948,8.539,5.234,39986.68,29.4,69.8,1000.82,10.87,11.9,1.6,5,22100,0.0671,LOW
2020-05-19,06:00:00,16.46,81.02,1.97,8.67,10.31,14.93,32.66,59.81,6.862,7.188,7.145,8.264,6.297,21834.05,28.62,72.07,1002.29,11.32,28.4,6.2,9,7650,0.0121,LOW
2020-05-19,12:00:00,16.52,81.08,3.36,14.37,28.83,54.75,78.77,251.27,7.201,6.862,7.107,7.718,6.989,40099.97,27.61,74.39,1002.54,9.0,16.5,2.4,7,17400,0.0821,LOW
2020-05-19,18:00:00,16.58,81.14,2.84,12.02,26.51,43.42,112.02,359.49,7.554,7.201,7.188,6.948,7.406,51757.36,29.77,72.06,1010.0,8.82,22.7,4.1,8,10900,0.0921,LOW
2020-05-20,00:00:00,16.1,80.65,0.5,4.68,8.71,23.8,41.53,86.23,7.046,7.554,6.862,7.145,6.699,25803.88,29.16,72.62,1007.63,6.67,18.2,2.1,9,12450,0.0328,LOW
2020-05-20,06:00:00,16.14,80.71,11.31,26.51,66.69,124.31,214.66,693.47,8.254,7.046,7.201,7.107,6.106,91454.58,27.65,77.92,1001.89,6.79,21.4,3.7,6,8320,0.8806,VERY_HIGH
2020-05-20,12:00:00,16.18,80.75,1.26,3.08,3.08,5.07,6.18,24.79,7.653,8.254,7.554,7.188,8.539,16726.06,28.83,83.11,1010.35,9.08,14.7,1.2,9,15620,0.0135,LOW
2020-05-20,18:00:00,16.22,80.8,6.42,20.08,25.29,39.22,71.69,151.11,7.36,7.653,7.046,6.862,8.264,39990.0,26.04,76.91,1006.35,11.69,12.8,2.8,9,19850,0.0304,LOW
2020-05-21,00:00:00,16.28,80.84,7.46,15.6,26.76,37.7,71.04,161.64,7.689,7.36,8.254,7.201,7.718,41426.98,32.97,84.5,1003.55,3.19,25.1,5.4,4,9130,0.0421,LOW
2020-05-21,06:00:00,16.34,80.9,6.73,17.16,33.07,68.47,99.52,220.42,7.764,7.689,7.653,7.554,6.948,48661.32,27.87,76.51,1004.24,3.2,19.3,3.1,9,14670,0.0976,LOW
2020-05-21,12:00:00,16.4,80.96,1.47,6.77,6.77,8.57,10.33,10.33,6.95,7.764,7.36,7.046,7.145,15328.49,32.91,79.45,1006.8,10.32,11.9,1.6,10,22100,0.01,LOW
2020-05-21,18:00:00,16.46,81.02,2.85,7.86,19.96,35.49,70.99,216.15,6.835,6.95,7.689,8.254,7.107,39432.37,33.65,74.84,1010.3,6.86,28.4,6.2,7,7650,0.03,LOW
2020-05-22,00:00:00,16.52,81.08,3.88,8.96,13.5,21.82,27.34,89.47,6.556,6.835,7.764,7.653,7.188,21109.81,29.4,68.67,1007.09,8.46,16.5,2.4,6,17400,0.0187,LOW
2020-05-22,06:00:00,16.58,81.14,3.69,8.44,24.06,43.77,91.24,200.6,6.835,6.556,6.95,7.36,6.862,44236.95,27.23,75.92,1011.46,9.39,22.7,4.1,4,10900,0.0262,LOW
2020-05-22,12:00:00,16.1,80.65,2.23,4.32,4.32,9.49,25.31,113.36,6.689,6.835,6.835,7.689,7.201,23164.66,27.9,72.24,1009.69,9.82,18.2,2.1,8,12450,0.0146,LOW
2020-05-22,18:00:00,16.14,80.71,0.95,0.95,3.6,3.6,3.6,40.18,6.154,6.689,6.556,7.764,7.554,12600.64,28.27,72.63,1008.29,8.18,21.4,3.7,6,8320,0.01,LOW
2020-05-23,00:00:00,16.18,80.75,6.59,11.81,18.38,37.87,61.84,146.26,5.961,6.154,6.835,6.95,7.046,32221.59,27.79,75.07,1003.0,6.82,14.7,1.2,5,15620,0.0173,LOW
2020-05-23,06:00:00,16.22,80.8,0.58,4.21,7.35,18.81,47.26,105.35,6.016,5.961,6.689,6.835,8.254,28336.13,28.95,79.04,1008.03,10.55,12.8,2.8,7,19850,0.0156,LOW
2020-05-23,12:00:00,16.28,80.84,4.02,7.45,16.33,26.77,53.98,131.68,6.012,6.016,6.154,6.556,7.653,29619.64,26.86,77.93,1004.41,16.49,25.1,5.4,6,9130,0.0116,LOW
2020-05-23,18:00:00,16.34,80.9,3.07,14.25,20.42,39.89,57.56,185.38,5.901,6.012,5.961,6.835,7.36,31678.52,29.19,88.51,1008.51,7.45,19.3,3.1,7,14670,0.03,LOW
2020-05-24,00:00:00,16.4,80.96,1.65,4.34,12.24,12.24,32.05,89.26,5.907,5.901,6.016,6.689,7.689,22552.36,28.44,69.89,1001.07,8.03,11.9,1.6,8,22100,0.0123,LOW
2020-05-24,06:00:00,16.46,81.02,2.91,6.78,11.72,18.07,33.56,91.08,5.607,5.907,6.012,6.154,7.764,21472.63,26.61,77.61,1009.91,8.81,28.4,6.2,9,7650,0.01,LOW
2020-05-24,12:00:00,16.52,81.08,3.13,6.68,6.68,9.89,9.89,19.4,5.506,5.607,5.901,5.961,6.95,12994.83,26.62,78.83,1008.95,6.12,16.5,2.4,6,17400,0.01,LOW
2020-05-24,18:00:00,16.58,81.14,1.73,3.96,11.89,23.31,28.65,37.06,5.165,5.506,5.907,6.016,6.835,19743.89,21.69,73.01,1006.66,9.46,22.7,4.1,7,10900,0.01,LOW
2020-05-25,00:00:00,16.1,80.65,0.29,0.29,0.56,0.56,0.56,13.7,4.655,5.165,5.607,6.012,6.556,6605.48,26.37,69.3,1002.66,9.0,18.2,2.1,2,12450,0.01,LOW
2020-05-25,06:00:00,16.14,80.71,8.71,22.43,45.02,78.61,154.3,326.89,5.238,4.655,5.506,5.901,6.835,63239.55,28.47,77.29,1011.45,7.74,21.4,3.7,10,8320,0.1062,LOW
2020-05-25,12:00:00,16.18,80.75,7.81,25.16,46.37,74.97,83.04,241.11,5.429,5.238,5.165,5.907,6.689,42235.38,29.77,69.16,1007.78,7.01,14.7,1.2,6,15620,0.0374,LOW
2020-05-25,18:00:00,16.22,80.8,6.43,14.71,24.09,56.64,105.73,389.41,6.023,5.429,4.655,5.607,6.154,48788.08,27.53,68.18,1006.81,11.88,12.8,2.8,6,19850,0.1254,LOW
2020-05-26,00:00:00,16.28,80.84,8.64,14.46,24.53,39.91,60.31,153.25,6.122,6.023,5.238,5.506,5.961,33066.61,32.64,72.02,1008.73,13.51,25.1,5.4,8,9130,0.0271,LOW
2020-05-26,06:00:00,16.34,80.9,5.89,13.82,13.82,30.13,55.69,187.04,6.163,6.122,5.429,5.165,6.016,29243.82,29.95,79.6,1008.43,3.02,19.3,3.1,5,14670,0.0234,LOW
2020-05-26,12:00:00,16.4,80.96,0.7,6.13,15.92,21.42,37.0,114.22,6.227,6.163,6.023,4.655,6.012,23646.44,29.45,74.89,1005.3,5.52,11.9,1.6,6,22100,0.0187,LOW
2020-05-26,18:00:00,16.46,81.02,0.82,3.53,6.0,8.45,47.34,136.66,5.87,6.227,6.122,5.238,5.901,27256.8,27.7,75.83,1000.45,9.27,28.4,6.2,5,7650,0.01,LOW
2020-05-27,00:00:00,16.52,81.08,1.21,4.4,12.92,43.53,90.06,234.93,5.982,5.87,6.163,5.429,5.907,42073.55,30.77,74.79,1011.42,9.03,16.5,2.4,2,17400,0.0292,LOW
2020-05-27,06:00:00,16.58,81.14,3.36,3.36,14.46,35.21,57.18,177.67,6.184,5.982,6.227,6.023,5.607,32653.4,28.65,73.01,999.61,7.84,22.7,4.1,5,10900,0.0214,LOW
2020-05-27,12:00:00,16.1,80.65,6.43,19.84,41.75,79.74,132.6,406.9,6.8,6.184,5.87,6.122,5.506,57589.22,27.48,85.35,1010.77,9.36,18.2,2.1,10,12450,0.1686,LOW
2020-05-27,18:00:00,16.14,80.71,1.51,1.51,5.69,12.56,12.56,12.56,6.017,6.8,5.982,6.163,5.165,15253.32,24.63,64.07,1007.93,6.22,21.4,3.7,9,8320,0.01,LOW
2020-05-28,00:00:00,16.18,80.75,9.45,22.51,52.93,98.3,143.23,346.62,6.82,6.017,6.184,6.227,4.655,60414.2,26.29,79.12,1001.85,9.56,14.7,1.2,8,15620,0.3222,MODERATE
2020-05-28,06:00:00,16.22,80.8,5.72,13.78,33.9,55.98,105.5,252.61,7.097,6.82,6.8,5.87,5.238,48128.39,30.99,77.17,1006.01,5.56,12.8,2.8,3,19850,0.0819,LOW
2020-05-28,12:00:00,16.28,80.84,0.57,0.57,3.77,12.89,19.5,34.41,6.581,7.097,6.017,5.982,5.429,18541.53,33.3,69.2,1007.42,8.0,25.1,5.4,9,9130,0.01,LOW
2020-05-28,18:00:00,16.34,80.9,5.12,8.63,15.76,18.07,41.87,159.77,7.008,6.581,6.82,6.184,6.023,27485.51,27.29,86.84,1007.28,10.56,19.3,3.1,5,14670,0.0215,LOW
2020-05-29,00:00:00,16.4,80.96,2.65,2.65,7.76,19.32,35.97,84.37,6.639,7.008,7.097,6.8,6.122,22337.22,28.85,74.46,1004.0,7.85,11.9,1.6,5,22100,0.0136,LOW
2020-05-29,06:00:00,16.46,81.02,3.71,11.39,26.35,47.0,63.01,204.06,6.302,6.639,6.581,6.017,6.163,31634.8,27.15,74.38,1012.05,5.75,28.4,6.2,10,7650,0.0198,LOW
2020-05-29,12:00:00,16.52,81.08,14.98,39.68,84.7,135.62,270.09,869.55,8.056,6.302,7.008,6.82,6.227,109901.11,29.93,77.27,1009.27,6.68,16.5,2.4,5,17400,0.9687,VERY_HIGH
2020-05-29,18:00:00,16.58,81.14,6.05,13.25,21.72,44.67,84.35,215.24,8.088,8.056,6.639,7.097,5.87,43651.77,30.35,69.85,1010.19,7.32,22.7,4.1,6,10900,0.0899,LOW
2020-05-30,00:00:00,16.1,80.65,14.58,49.21,91.12,151.7,271.33,559.31,9.263,8.088,6.302,6.581,5.982,111558.04,26.77,80.29,1012.68,7.62,18.2,2.1,7,12450,0.8537,VERY_HIGH
2020-05-30,06:00:00,16.14,80.71,4.49,8.96,20.35,29.13,43.03,84.75,8.537,9.263,8.056,7.008,6.184,29710.29,28.48,70.52,1008.1,9.44,21.4,3.7,6,8320,0.0293,LOW
2020-05-30,12:00:00,16.18,80.75,2.39,3.0,3.7,3.7,9.3,36.02,8.396,8.537,8.088,6.639,6.8,19017.67,26.27,62.94,1003.53,7.44,14.7,1.2,5,15620,0.01,LOW
2020-05-30,18:00:00,16.22,80.8,2.84,13.7,13.72,28.41,42.43,108.85,7.975,8.396,9.263,6.302,6.017,27735.62,31.15,84.89,1013.78,8.09,12.8,2.8,8,19850,0.0322,LOW
2020-05-31,00:00:00,16.28,80.84,0.54,0.54,2.12,8.87,10.47,23.55,7.427,7.975,8.537,8.056,6.82,19455.45,32.65,82.46,1009.72,10.02,25.1,5.4,8,9130,0.01,LOW
2020-05-31,06:00:00,16.34,80.9,0.45,0.45,8.17,15.38,15.65,41.13,7.146,7.427,8.396,8.088,7.097,18588.07,27.99,77.97,1006.59,5.62,19.3,3.1,8,14670,0.01,LOW
2020-05-31,12:00:00,16.4,80.96,14.11,33.93,61.04,88.88,146.66,405.21,8.089,7.146,7.975,9.263,6.581,65366.9,23.13,81.85,1006.76,4.58,11.9,1.6,8,22100,0.3198,MODERATE
2020-05-31,18:00:00,16.46,81.02,7.66,19.56,41.68,66.08,137.13,448.45,8.617,8.089,7.427,8.537,7.008,62371.57,29.99,69.46,1006.7,10.15,28.4,6.2,3,7650,0.3737,MODERATE
2020-06-01,00:00:00,16.52,81.08,6.1,14.58,31.17,55.89,80.53,182.01,8.687,8.617,7.146,8.396,6.639,43189.46,23.9,85.47,1007.45,13.2,16.5,2.4,14,17400,0.1373,LOW
2020-06-01,06:00:00,16.58,81.14,10.95,27.15,37.94,59.08,66.63,233.76,8.698,8.687,8.089,7.975,6.302,38856.97,26.42,70.98,1011.07,7.32,22.7,4.1,14,10900,0.0673,LOW
2020-06-01,12:00:00,16.1,80.65,31.13,87.12,205.32,370.16,682.6,2273.88,13.8,8.698,8.617,7.427,8.056,262326.36,28.25,77.38,999.56,9.7,18.2,2.1,11,12450,0.99,VERY_HIGH
2020-06-01,18:00:00,16.14,80.71,3.26,11.13,20.69,30.73,55.03,162.69,13.443,13.8,8.687,7.146,8.088,44329.68,24.7,87.73,1004.96,11.1,21.4,3.7,12,8320,0.3183,MODERATE
2020-06-02,00:00:00,16.18,80.75,3.45,7.1,14.63,27.59,53.84,82.45,12.825,13.443,8.698,8.089,9.263,43630.97,31.89,83.95,1004.29,11.8,14.7,1.2,13,15620,0.1869,LOW
2020-06-02,06:00:00,16.22,80.8,15.95,28.08,60.48,99.17,164.92,471.19,13.181,12.825,13.8,8.617,8.537,82048.68,27.24,83.04,1006.72,11.91,12.8,2.8,13,19850,0.8369,VERY_HIGH
2020-06-02,12:00:00,16.28,80.84,10.01,25.48,57.94,89.1,166.61,440.17,13.512,13.181,13.443,8.687,8.396,82383.15,27.3,93.43,1008.5,13.75,25.1,5.4,10,9130,0.8587,VERY_HIGH
2020-06-02,18:00:00,16.34,80.9,2.74,3.47,13.17,16.66,20.53,20.53,12.542,13.512,12.825,8.698,7.975,30610.28,29.59,78.26,1007.45,7.62,19.3,3.1,12,14670,0.06,LOW
2020-06-03,00:00:00,16.4,80.96,5.54,16.49,30.84,57.34,80.72,225.3,12.155,12.542,13.181,13.8,7.427,47937.84,24.81,98.69,1003.53,4.8,11.9,1.6,8,22100,0.3744,MODERATE
2020-06-03,06:00:00,16.46,81.02,1.4,2.44,2.44,5.89,18.09,42.77,11.138,12.155,13.512,13.443,7.146,26588.7,27.57,89.8,1007.48,11.27,28.4,6.2,12,7650,0.0252,LOW
2020-06-03,12:00:00,16.52,81.08,11.57,35.22,66.2,126.68,252.29,671.52,12.331,11.138,12.542,12.825,8.089,112017.03,27.5,76.93,999.02,6.4,16.5,2.4,15,17400,0.9653,VERY_HIGH
2020-06-03,18:00:00,16.58,81.14,10.1,24.37,42.95,73.97,140.51,334.36,12.62,12.331,12.155,13.181,8.617,71421.36,26.66,81.69,1013.06,8.09,22.7,4.1,12,10900,0.533,HIGH
2020-06-04,00:00:00,16.1,80.65,15.1,30.41,63.83,98.4,200.04,541.97,13.516,12.62,11.138,13.512,8.687,95994.78,26.55,84.46,1008.01,12.13,18.2,2.1,15,12450,0.942,VERY_HIGH
2020-06-04,06:00:00,16.14,80.71,4.32,11.64,26.32,46.58,80.56,172.2,13.047,13.516,12.331,12.542,8.698,52913.37,22.55,86.02,1004.44,7.03,21.4,3.7,13,8320,0.2844,MODERATE
2020-06-04,12:00:00,16.18,80.75,11.0,28.19,58.53,93.43,158.37,353.87,13.524,13.047,12.62,12.155,13.8,80745.29,25.02,83.56,1005.25,9.47,14.7,1.2,13,15620,0.7839,VERY_HIGH
2020-06-04,18:00:00,16.22,80.8,3.95,6.73,12.38,26.32,47.42,130.56,12.708,13.524,13.516,11.138,13.443,37899.07,28.21,96.38,1010.72,11.1,12.8,2.8,14,19850,0.1453,LOW
2020-06-05,00:00:00,16.28,80.84,12.47,38.82,76.74,128.99,251.74,520.51,13.573,12.708,13.047,12.331,12.825,113147.16,21.65,82.81,1004.75,7.79,25.1,5.4,7,9130,0.9729,VERY_HIGH
2020-06-05,06:00:00,16.34,80.9,1.63,1.93,5.65,13.3,13.3,28.91,12.38,13.573,13.524,12.62,13.181,28736.89,23.81,76.12,1001.78,9.94,19.3,3.1,12,14670,0.0476,LOW
2020-06-05,12:00:00,16.4,80.96,24.75,48.75,85.68,167.33,309.24,782.02,13.8,12.38,12.708,13.516,13.512,132058.96,28.47,86.77,1004.31,11.34,11.9,1.6,12,22100,0.99,VERY_HIGH
2020-06-05,18:00:00,16.46,81.02,17.88,38.01,59.86,74.25,122.18,419.1,13.8,13.8,13.573,13.047,12.542,67404.03,29.94,80.35,1002.56,9.6,28.4,6.2,11,7650,0.5482,HIGH
2020-06-06,00:00:00,16.52,81.08,16.44,42.51,80.41,123.13,219.91,728.17,13.8,13.8,12.38,13.524,12.155,101156.19,26.23,97.31,1007.16,13.06,16.5,2.4,14,17400,0.973,VERY_HIGH
2020-06-06,06:00:00,16.58,81.14,16.64,34.3,56.89,69.31,107.36,291.38,13.618,13.8,13.8,12.708,11.138,61831.39,23.46,86.97,1002.28,9.38,22.7,4.1,13,10900,0.5581,HIGH
2020-06-06,12:00:00,16.1,80.65,11.21,27.97,47.76,68.29,132.96,333.96,13.599,13.618,13.8,13.573,12.331,69745.22,26.09,87.24,1003.03,6.96,18.2,2.1,9,12450,0.7516,VERY_HIGH
2020-06-06,18:00:00,16.14,80.71,0.23,0.23,0.23,0.23,0.23,29.37,12.472,13.599,13.8,12.38,12.62,22044.77,27.7,85.93,1006.23,13.44,21.4,3.7,8,8320,0.0571,LOW
2020-06-07,00:00:00,16.18,80.75,6.72,15.59,26.44,60.79,110.18,276.23,12.294,12.472,13.618,13.8,13.516,61199.78,26.02,84.21,1010.58,11.6,14.7,1.2,12,15620,0.3854,MODERATE
2020-06-07,06:00:00,16.22,80.8,2.83,7.41,14.03,23.54,34.57,87.02,11.589,12.294,13.599,13.8,13.047,32888.65,25.28,85.71,1003.76,12.1,12.8,2.8,16,19850,0.0978,LOW
2020-06-07,12:00:00,16.28,80.84,41.5,84.47,145.31,213.76,393.99,1009.43,13.8,11.589,12.472,13.8,13.524,161892.12,27.05,85.0,1003.05,10.68,25.1,5.4,13,9130,0.99,VERY_HIGH
2020-06-07,18:00:00,16.34,80.9,20.48,39.41,63.51,95.3,194.38,432.75,13.8,13.8,12.294,13.618,12.708,93600.4,26.3,91.95,1006.78,6.02,19.3,3.1,9,14670,0.9013,VERY_HIGH
2020-06-08,00:00:00,16.4,80.96,8.6,15.1,24.52,39.19,64.27,163.57,12.96,13.8,11.589,13.599,13.573,46151.05,28.37,75.52,1003.5,8.4,11.9,1.6,16,22100,0.2671,MODERATE
2020-06-08,06:00:00,16.46,81.02,6.06,15.34,46.97,58.98,105.74,281.23,13.005,12.96,13.8,12.472,12.38,59463.4,24.44,93.44,1002.12,17.42,28.4,6.2,14,7650,0.4112,MODERATE
2020-06-08,12:00:00,16.52,81.08,16.78,34.33,60.16,118.99,192.04,672.59,13.8,13.005,13.8,12.294,13.8,91938.3,29.5,79.96,1013.19,11.72,16.5,2.4,12,17400,0.9658,VERY_HIGH
2020-06-08,18:00:00,16.58,81.14,8.7,26.19,38.63,44.87,72.13,178.03,13.207,13.8,12.96,11.589,13.8,47860.84,27.48,76.4,1011.75,9.74,22.7,4.1,15,10900,0.2704,MODERATE
2020-06-09,00:00:00,16.1,80.65,20.27,51.01,83.91,162.6,293.08,833.97,13.8,13.207,13.005,13.8,13.8,127674.62,25.06,83.52,1003.74,12.33,18.2,2.1,10,12450,0.99,VERY_HIGH
2020-06-09,06:00:00,16.14,80.71,16.59,49.42,103.9,216.35,358.73,782.36,13.8,13.8,13.8,13.8,13.618,148449.34,26.19,81.19,1005.48,9.19,21.4,3.7,12,8320,0.99,VERY_HIGH
2020-06-09,12:00:00,16.18,80.75,28.02,60.0,119.93,233.92,368.54,1048.31,13.8,13.8,13.207,12.96,13.599,153343.72,30.49,70.24,1004.51,12.93,14.7,1.2,11,15620,0.99,VERY_HIGH
2020-06-09,18:00:00,16.22,80.8,8.79,20.17,28.39,36.53,46.23,127.87,13.114,13.8,13.8,13.005,12.472,40710.89,28.66,85.77,996.73,12.49,12.8,2.8,15,19850,0.1752,LOW
2020-06-10,00:00:00,16.28,80.84,5.75,9.93,11.08,11.08,19.33,47.4,12.106,13.114,13.8,13.8,12.294,28616.06,26.89,89.13,1008.48,12.04,25.1,5.4,8,9130,0.0607,LOW
2020-06-10,06:00:00,16.34,80.9,14.17,30.35,49.84,97.24,173.84,455.73,12.613,12.106,13.8,13.207,11.589,84680.85,29.78,84.81,1005.91,8.9,19.3,3.1,13,14670,0.8541,VERY_HIGH
2020-06-10,12:00:00,16.4,80.96,0.85,0.85,0.85,5.64,7.48,10.47,11.71,12.613,13.114,13.8,13.8,23404.43,27.17,86.1,1007.17,10.04,11.9,1.6,15,22100,0.0516,LOW
2020-06-10,18:00:00,16.46,81.02,15.06,33.74,54.13,107.18,168.05,400.38,11.861,11.71,12.106,13.8,13.8,79428.87,27.78,87.22,1006.09,6.51,28.4,6.2,11,7650,0.6721,HIGH
2020-06-11,00:00:00,16.52,81.08,11.37,25.45,49.13,108.03,180.3,504.78,12.3,11.861,12.613,13.8,12.96,84970.37,25.61,71.46,1010.62,13.99,16.5,2.4,10,17400,0.8649,VERY_HIGH
2020-06-11,06:00:00,16.58,81.14,0.7,0.7,10.03,10.94,24.38,118.87,11.592,12.3,11.71,13.114,13.005,30878.42,28.7,78.25,999.6,10.69,22.7,4.1,11,10900,0.0821,LOW
2020-06-11,12:00:00,16.1,80.65,4.73,15.37,29.64,53.22,95.41,259.61,11.268,11.592,11.861,12.106,13.8,54013.01,25.68,87.37,1006.25,7.89,18.2,2.1,16,12450,0.2921,MODERATE
2020-06-11,18:00:00,16.14,80.71,8.84,23.74,39.69,59.91,88.73,246.6,11.261,11.268,12.3,12.613,13.207,52454.76,25.66,68.2,1005.32,7.72,21.4,3.7,12,8320,0.2572,MODERATE
2020-06-12,00:00:00,16.18,80.75,9.96,18.01,30.48,55.69,100.72,322.58,11.468,11.261,11.592,11.71,13.8,56264.28,24.1,71.71,1007.86,12.07,14.7,1.2,10,15620,0.248,LOW
2020-06-12,06:00:00,16.22,80.8,10.02,17.24,42.32,48.08,101.66,271.27,11.238,11.468,11.268,11.861,13.8,55284.03,26.05,84.52,1004.93,14.02,12.8,2.8,12,19850,0.2134,LOW
2020-06-12,12:00:00,16.28,80.84,4.35,9.94,13.06,26.87,39.04,102.75,10.431,11.238,11.261,12.3,13.8,31077.46,27.78,85.58,1004.09,7.92,25.1,5.4,11,9130,0.054,LOW
2020-06-12,18:00:00,16.34,80.9,9.43,24.2,52.07,81.8,135.91,418.06,10.852,10.431,11.468,11.592,13.114,67573.56,29.12,89.33,997.94,13.31,19.3,3.1,15,14670,0.4614,MODERATE
2020-06-13,00:00:00,16.4,80.96,2.01,7.48,18.57,20.26,45.87,127.3,10.608,10.852,11.238,11.268,12.106,36535.33,25.07,78.66,1009.45,12.62,11.9,1.6,9,22100,0.0565,LOW
2020-06-13,06:00:00,16.46,81.02,20.92,64.84,103.99,141.23,262.95,536.3,11.553,10.608,10.431,11.261,12.613,113464.67,27.75,78.92,1007.54,9.92,28.4,6.2,11,7650,0.9239,VERY_HIGH
2020-06-13,12:00:00,16.52,81.08,1.96,3.05,7.06,20.37,20.37,63.31,10.916,11.553,10.852,11.468,11.71,24844.44,25.84,94.26,1000.69,10.03,16.5,2.4,12,17400,0.0357,LOW
2020-06-13,18:00:00,16.58,81.14,3.1,5.63,15.0,15.95,21.66,39.02,10.168,10.916,10.608,11.238,11.861,24507.19,25.65,97.27,1001.59,12.71,22.7,4.1,12,10900,0.076,LOW
2020-06-14,00:00:00,16.1,80.65,12.03,35.17,74.53,145.64,207.08,726.78,11.21,10.168,11.553,10.431,12.3,91046.46,29.94,79.62,1003.3,14.34,18.2,2.1,14,12450,0.957,VERY_HIGH
2020-06-14,06:00:00,16.14,80.71,12.62,41.98,83.45,166.4,235.29,505.61,12.136,11.21,10.916,10.852,11.592,105132.57,26.2,92.15,1000.11,13.35,21.4,3.7,14,8320,0.9494,VERY_HIGH
2020-06-14,12:00:00,16.18,80.75,8.72,19.8,41.14,80.87,120.15,339.33,12.158,12.136,10.168,10.608,11.268,63327.65,31.08,91.12,1006.87,12.57,14.7,1.2,12,15620,0.5052,HIGH
2020-06-14,18:00:00,16.22,80.8,5.5,20.58,27.68,52.0,110.1,305.63,12.219,12.158,11.21,11.553,11.261,58647.4,29.51,98.0,1008.85,4.66,12.8,2.8,12,19850,0.4752,MODERATE
2020-06-15,00:00:00,16.28,80.84,4.56,13.78,26.98,71.16,114.57,322.06,12.183,12.219,12.136,10.916,11.468,62447.88,28.06,86.89,1001.32,7.69,25.1,5.4,14,9130,0.2415,LOW
2020-06-15,06:00:00,16.34,80.9,5.06,12.07,12.07,17.14,23.62,47.14,11.486,12.183,12.158,10.168,11.238,29411.53,26.4,99.0,1006.72,6.91,19.3,3.1,13,14670,0.041,LOW
2020-06-15,12:00:00,16.4,80.96,13.71,25.89,61.07,97.45,187.17,532.09,12.789,11.486,12.219,11.21,10.431,87366.91,25.21,88.9,999.02,8.54,11.9,1.6,11,22100,0.9364,VERY_HIGH
2020-06-15,18:00:00,16.46,81.02,13.47,42.93,65.98,137.14,203.34,689.02,13.264,12.789,12.183,12.136,10.852,94867.26,27.74,95.19,1004.54,9.8,28.4,6.2,10,7650,0.9451,VERY_HIGH
2020-06-16,00:00:00,16.52,81.08,2.62,9.96,23.9,46.31,95.51,213.5,13.168,13.264,11.486,12.158,10.608,58228.43,24.09,99.0,1005.1,10.35,16.5,2.4,12,17400,0.4399,MODERATE
2020-06-16,06:00:00,16.58,81.14,16.86,45.69,85.5,150.19,249.22,706.43,13.8,13.168,12.789,12.219,11.553,112269.23,27.25,77.13,1002.95,11.56,22.7,4.1,15,10900,0.9853,VERY_HIGH
2020-06-16,12:00:00,16.1,80.65,24.58,68.28,143.38,228.72,379.92,1025.59,13.8,13.8,13.264,12.183,10.916,158466.67,23.09,91.88,1008.26,10.7,18.2,2.1,15,12450,0.99,VERY_HIGH
2020-06-16,18:00:00,16.14,80.71,9.33,29.68,65.16,131.75,243.69,728.66,13.8,13.8,13.168,11.486,10.168,109914.12,26.47,89.61,1004.32,10.08,21.4,3.7,12,8320,0.9893,VERY_HIGH
2020-06-17,00:00:00,16.18,80.75,9.7,19.58,28.47,42.24,69.09,199.16,13.262,13.8,13.8,12.789,11.21,48147.37,28.11,89.6,1005.89,7.46,14.7,1.2,13,15620,0.3665,MODERATE
2020-06-17,06:00:00,16.22,80.8,16.11,47.42,87.65,121.82,221.92,776.02,13.8,13.262,13.8,13.264,12.136,100549.51,25.8,89.96,998.48,8.66,12.8,2.8,9,19850,0.9881,VERY_HIGH
2020-06-17,12:00:00,16.28,80.84,4.54,15.0,44.98,68.26,105.84,275.19,13.591,13.8,13.8,13.168,12.158,61430.73,28.3,89.56,1008.54,15.84,25.1,5.4,13,9130,0.3485,MODERATE
2020-06-17,18:00:00,16.34,80.9,20.9,56.0,101.23,195.58,299.37,827.87,13.8,13.591,13.262,13.8,12.219,126088.82,24.61,84.43,1006.13,11.14,19.3,3.1,13,14670,0.99,VERY_HIGH
2020-06-18,00:00:00,16.4,80.96,7.66,17.63,37.13,68.93,91.64,262.48,13.357,13.8,13.8,13.8,12.183,56168.58,29.18,83.95,1000.64,7.93,11.9,1.6,11,22100,0.5838,HIGH
2020-06-18,06:00:00,16.46,81.02,0.17,1.6,1.91,1.91,1.91,10.44,12.318,13.357,13.591,13.8,11.486,23269.34,28.71,89.64,1008.0,12.51,28.4,6.2,14,7650,0.0673,LOW
2020-06-18,12:00:00,16.52,81.08,3.28,10.65,18.22,35.12,48.98,134.46,11.614,12.318,13.8,13.262,12.789,36984.88,29.58,78.69,1001.58,9.87,16.5,2.4,9,17400,0.1274,LOW
2020-06-18,18:00:00,16.58,81.14,2.62,8.02,14.84,35.35,66.63,189.75,11.466,11.614,13.357,13.8,13.264,43538.92,26.62,87.21,1005.65,11.17,22.7,4.1,13,10900,0.127,LOW
2020-06-19,00:00:00,16.1,80.65,4.82,9.12,19.31,33.13,63.59,101.78,10.972,11.466,12.318,13.591,13.168,42083.31,28.83,90.61,1003.49,13.18,18.2,2.1,18,12450,0.1331,LOW
2020-06-19,06:00:00,16.14,80.71,25.16,51.22,123.37,213.18,299.38,690.57,12.514,10.972,11.614,13.8,13.8,128155.25,25.89,84.62,1002.02,10.39,21.4,3.7,15,8320,0.99,VERY_HIGH
2020-06-19,12:00:00,16.18,80.75,14.99,40.67,63.94,97.82,162.39,440.3,13.029,12.514,11.466,13.357,13.8,81043.28,25.29,86.67,1005.52,12.19,14.7,1.2,9,15620,0.8554,VERY_HIGH
2020-06-19,18:00:00,16.22,80.8,9.74,30.36,60.13,77.4,150.81,401.52,13.419,13.029,10.972,12.318,13.8,77581.5,27.27,83.78,1006.51,10.59,12.8,2.8,15,19850,0.8353,VERY_HIGH
2020-06-20,00:00:00,16.28,80.84,18.11,32.58,47.76,75.58,134.26,356.11,13.525,13.419,12.514,11.614,13.262,72140.65,24.53,86.41,1001.92,5.71,25.1,5.4,9,9130,0.7073,HIGH
2020-06-20,06:00:00,16.34,80.9,9.24,27.5,57.17,105.36,213.18,518.72,13.8,13.525,13.029,11.466,13.8,100785.57,24.79,82.8,994.21,11.0,19.3,3.1,14,14670,0.9575,VERY_HIGH
2020-06-20,12:00:00,16.4,80.96,2.35,9.18,17.86,34.92,36.17,99.58,12.941,13.8,13.419,10.972,13.591,34323.1,25.73,97.81,1001.43,8.21,11.9,1.6,11,22100,0.1287,LOW
2020-06-20,18:00:00,16.46,81.02,3.04,11.0,12.78,24.49,36.73,126.84,12.311,12.941,13.525,12.514,13.8,35640.67,27.12,79.42,994.61,13.37,28.4,6.2,13,7650,0.0734,LOW
2020-06-21,00:00:00,16.52,81.08,3.94,8.09,9.86,22.61,40.62,155.1,11.77,12.311,13.8,13.029,13.357,34401.24,27.45,78.53,1005.43,13.57,16.5,2.4,13,17400,0.186,LOW
2020-06-21,06:00:00,16.58,81.14,16.58,40.45,76.16,119.48,209.58,733.29,13.096,11.77,12.941,13.419,12.318,97327.12,27.8,77.67,998.55,7.95,22.7,4.1,13,10900,0.967,VERY_HIGH
2020-06-21,12:00:00,16.1,80.65,4.52,17.94,31.67,37.88,74.31,206.43,12.576,13.096,12.311,13.525,11.614,49060.35,24.12,80.72,1006.54,3.6,18.2,2.1,9,12450,0.2544,MODERATE
2020-06-21,18:00:00,16.14,80.71,1.81,1.81,7.46,7.46,7.46,39.19,11.888,12.576,11.77,13.8,11.466,24706.14,31.52,91.89,1005.59,10.5,21.4,3.7,8,8320,0.0773,LOW
2020-06-22,00:00:00,16.18,80.75,12.94,31.79,62.99,118.18,241.6,807.94,13.29,11.888,13.096,12.941,10.972,110129.71,23.35,76.46,1005.02,8.76,14.7,1.2,11,15620,0.99,VERY_HIGH
2020-06-22,06:00:00,16.22,80.8,18.68,54.39,86.24,116.97,225.09,550.01,13.8,13.29,12.576,12.311,12.514,103977.73,31.33,80.87,1011.3,8.63,12.8,2.8,14,19850,0.9725,VERY_HIGH
2020-06-22,12:00:00,16.28,80.84,2.8,7.24,14.78,33.77,40.09,105.03,13.061,13.8,11.888,11.77,13.029,37514.45,24.48,90.4,1003.26,12.78,25.1,5.4,10,9130,0.1555,LOW
2020-06-22,18:00:00,16.34,80.9,3.57,12.35,32.26,48.8,85.95,325.83,12.991,13.061,13.29,13.096,13.419,54806.17,30.32,77.12,1008.58,12.06,19.3,3.1,8,14670,0.4345,MODERATE
2020-06-23,00:00:00,16.4,80.96,7.95,12.48,12.48,26.38,44.85,98.53,12.107,12.991,13.8,12.576,13.525,39955.43,27.83,83.82,996.17,8.76,11.9,1.6,13,22100,0.1437,LOW
2020-06-23,06:00:00,16.46,81.02,14.93,28.72,36.18,60.83,122.46,238.95,11.947,12.107,13.061,11.888,13.8,63604.32,27.66,73.12,1004.52,11.41,28.4,6.2,11,7650,0.327,MODERATE
2020-06-23,12:00:00,16.52,81.08,4.28,10.5,12.48,28.72,55.08,161.32,11.406,11.947,12.991,13.29,12.941,37593.34,27.61,78.51,1006.13,11.59,16.5,2.4,12,17400,0.1896,LOW
2020-06-23,18:00:00,16.58,81.14,39.61,82.77,128.22,226.83,432.15,961.9,13.8,11.406,12.107,13.8,12.311,179328.83,26.63,96.86,1006.84,11.86,22.7,4.1,9,10900,0.99,VERY_HIGH
2020-06-24,00:00:00,16.1,80.65,31.42,81.06,180.28,298.96,518.88,1740.15,13.8,13.8,11.947,13.061,11.77,208586.67,28.06,94.13,1005.36,10.36,18.2,2.1,12,12450,0.99,VERY_HIGH
2020-06-24,06:00:00,16.14,80.71,27.23,62.4,125.84,240.5,346.06,1052.96,13.8,13.8,11.406,12.991,13.096,147951.39,27.82,90.81,1012.42,10.59,21.4,3.7,12,8320,0.99,VERY_HIGH
2020-06-24,12:00:00,16.18,80.75,10.64,31.1,59.05,111.47,187.16,483.92,13.8,13.8,13.8,12.107,12.576,92004.34,25.87,78.07,1001.92,11.91,14.7,1.2,14,15620,0.8932,VERY_HIGH
2020-06-24,18:00:00,16.22,80.8,4.14,9.27,17.64,28.73,62.66,129.18,13.031,13.8,13.8,11.947,11.888,44680.15,27.01,80.8,1004.37,3.6,12.8,2.8,15,19850,0.2224,LOW
2020-06-25,00:00:00,16.28,80.84,3.97,13.82,21.48,32.13,59.28,148.32,12.475,13.031,13.8,11.406,13.29,43176.31,23.82,89.65,1012.07,12.26,25.1,5.4,16,9130,0.2454,LOW
2020-06-25,06:00:00,16.34,80.9,4.55,7.7,10.08,10.08,17.87,43.38,11.684,12.475,13.8,13.8,13.8,26918.43,29.86,87.37,999.68,8.96,19.3,3.1,12,14670,0.0578,LOW
2020-06-25,12:00:00,16.4,80.96,17.89,54.38,105.33,200.06,288.01,870.69,13.429,11.684,13.031,13.8,13.061,123261.11,27.77,95.68,1011.4,8.56,11.9,1.6,15,22100,0.99,VERY_HIGH
2020-06-25,18:00:00,16.46,81.02,42.85,127.92,260.06,415.54,802.07,2323.13,13.8,13.429,12.475,13.8,12.991,305841.2,27.58,83.02,1008.08,10.83,28.4,6.2,11,7650,0.99,VERY_HIGH
2020-06-26,00:00:00,16.52,81.08,35.97,67.87,145.5,243.96,378.45,954.25,13.8,13.8,11.684,13.8,12.107,157526.0,23.91,83.21,1007.16,11.04,16.5,2.4,12,17400,0.99,VERY_HIGH
2020-06-26,06:00:00,16.58,81.14,6.91,13.08,26.52,60.44,94.1,220.14,13.328,13.8,13.429,13.031,11.947,58569.83,23.33,82.5,1008.47,8.51,22.7,4.1,13,10900,0.3454,MODERATE
2020-06-26,12:00:00,16.1,80.65,57.26,104.89,176.62,287.82,500.53,998.06,13.8,13.328,13.8,12.475,11.406,201016.41,25.86,93.42,1007.03,12.2,18.2,2.1,13,12450,0.99,VERY_HIGH
2020-06-26,18:00:00,16.14,80.71,6.4,11.55,16.48,26.97,46.97,120.94,13.237,13.8,13.8,11.684,13.8,39401.04,30.31,80.64,1012.53,7.49,21.4,3.7,11,8320,0.1315,LOW
2020-06-27,00:00:00,16.18,80.75,8.11,18.98,31.97,54.93,103.59,328.97,12.962,13.237,13.328,13.429,13.8,59378.1,28.43,81.68,1007.61,7.21,14.7,1.2,13,15620,0.4819,MODERATE
2020-06-27,06:00:00,16.22,80.8,5.19,7.01,7.01,7.01,24.07,67.07,12.328,12.962,13.8,13.8,13.8,30106.23,26.83,86.38,997.44,8.95,12.8,2.8,17,19850,0.0669,LOW
2020-06-27,12:00:00,16.28,80.84,34.11,107.63,171.84,318.96,456.06,1254.07,13.8,12.328,13.237,13.8,13.8,184994.08,25.83,84.35,1008.39,7.69,25.1,5.4,9,9130,0.99,VERY_HIGH
2020-06-27,18:00:00,16.34,80.9,0.83,0.83,0.83,3.95,3.95,36.68,12.304,13.8,12.962,13.328,13.031,23948.56,27.35,88.38,1006.55,7.84,19.3,3.1,11,14670,0.051,LOW
2020-06-28,00:00:00,16.4,80.96,16.53,42.31,82.75,122.45,198.6,467.6,12.839,12.304,12.328,13.8,12.475,93191.12,27.2,89.05,1000.79,13.61,11.9,1.6,11,22100,0.9097,VERY_HIGH
2020-06-28,06:00:00,16.46,81.02,12.63,25.74,59.04,107.18,215.33,567.85,13.8,12.839,13.8,13.237,11.684,97953.84,29.67,96.41,999.44,7.83,28.4,6.2,11,7650,0.9011,VERY_HIGH
2020-06-28,12:00:00,16.52,81.08,10.22,35.72,77.36,110.61,199.1,540.86,13.8,13.8,12.304,12.962,13.429,94746.04,28.04,87.47,1000.17,5.15,16.5,2.4,15,17400,0.9499,VERY_HIGH
2020-06-28,18:00:00,16.58,81.14,10.14,25.2,49.42,69.67,100.78,305.61,13.692,13.8,12.839,12.328,13.8,61638.73,28.57,82.64,1005.12,9.1,22.7,4.1,14,10900,0.6029,HIGH
2020-06-29,00:00:00,16.1,80.65,18.66,46.58,94.72,156.34,293.68,885.84,13.8,13.692,13.8,13.8,13.8,128514.3,25.25,89.02,1005.25,12.65,18.2,2.1,11,12450,0.99,VERY_HIGH
2020-06-29,06:00:00,16.14,80.71,18.73,53.78,103.02,191.34,340.82,829.42,13.8,13.8,13.8,12.304,13.328,144279.12,31.1,83.06,1007.94,13.07,21.4,3.7,12,8320,0.99,VERY_HIGH
2020-06-29,12:00:00,16.18,80.75,12.91,25.27,58.46,108.06,201.03,653.45,13.8,13.8,13.692,12.839,13.8,95977.07,22.95,75.48,1002.14,9.72,14.7,1.2,15,15620,0.9772,VERY_HIGH
2020-06-29,18:00:00,16.22,80.8,64.05,146.31,324.45,599.73,916.35,2324.01,13.8,13.8,13.8,13.8,13.237,344283.58,27.45,88.96,997.77,8.67,12.8,2.8,12,19850,0.99,VERY_HIGH
2020-06-30,00:00:00,16.28,80.84,18.28,39.74,62.46,92.38,142.72,437.52,13.8,13.8,13.8,13.8,12.962,73652.46,27.53,86.22,999.38,13.23,25.1,5.4,12,9130,0.7598,VERY_HIGH
2020-06-30,06:00:00,16.34,80.9,8.21,25.56,48.56,96.23,144.91,371.86,13.704,13.8,13.8,13.692,12.328,76819.63,24.94,91.51,1004.48,8.7,19.3,3.1,14,14670,0.8539,VERY_HIGH
2020-06-30,12:00:00,16.4,80.96,13.28,29.8,60.3,103.82,196.49,606.3,13.8,13.704,13.8,13.8,13.8,92290.18,27.7,84.76,1000.21,10.8,11.9,1.6,13,22100,0.9514,VERY_HIGH
2020-06-30,18:00:00,16.46,81.02,28.12,48.87,71.42,98.4,135.08,465.32,13.8,13.8,13.8,13.8,12.304,74510.02,30.19,78.27,1002.46,8.08,28.4,6.2,14,7650,0.7929,VERY_HIGH
2020-07-01,00:00:00,16.52,81.08,4.58,20.43,43.51,73.97,150.1,368.94,13.74,13.8,13.704,13.8,12.839,78980.3,30.9,89.14,1008.59,6.08,16.5,2.4,13,17400,0.8545,VERY_HIGH
2020-07-01,06:00:00,16.58,81.14,6.53,19.53,38.23,62.93,109.29,329.84,13.26,13.74,13.8,13.8,13.8,63486.26,25.11,81.91,1003.44,7.89,22.7,4.1,9,10900,0.6316,HIGH
2020-07-01,12:00:00,16.1,80.65,9.71,16.31,23.2,58.07,80.34,236.8,12.908,13.26,13.8,13.8,13.8,52189.58,25.27,75.02,1003.28,9.42,18.2,2.1,14,12450,0.4188,MODERATE
2020-07-01,18:00:00,16.14,80.71,3.1,7.29,18.05,39.88,55.79,169.37,12.313,12.908,13.74,13.704,13.692,41870.44,26.89,79.76,1005.58,12.83,21.4,3.7,14,8320,0.1632,LOW
2020-07-02,00:00:00,16.18,80.75,4.12,4.12,11.57,16.13,25.81,65.35,11.39,12.313,13.26,13.8,13.8,27867.02,27.13,98.0,1004.44,14.41,14.7,1.2,14,15620,0.0687,LOW
2020-07-02,06:00:00,16.22,80.8,5.17,8.79,19.14,19.14,38.78,120.54,10.736,11.39,12.908,13.8,13.8,33680.75,24.86,73.29,1006.59,9.72,12.8,2.8,8,19850,0.0977,LOW
2020-07-02,12:00:00,16.28,80.84,4.2,17.27,41.69,87.32,141.59,440.75,10.879,10.736,12.313,13.74,13.8,70732.34,24.81,87.15,1000.72,10.03,25.1,5.4,11,9130,0.4993,MODERATE
2020-07-02,18:00:00,16.34,80.9,2.14,2.18,13.12,30.18,30.18,107.62,10.26,10.879,11.39,13.26,13.8,27221.2,26.3,85.1,1008.15,12.29,19.3,3.1,10,14670,0.0525,LOW
2020-07-03,00:00:00,16.4,80.96,8.84,22.71,36.14,59.97,86.13,308.52,10.491,10.26,10.736,12.908,13.8,48417.83,25.94,80.09,1005.49,14.12,11.9,1.6,9,22100,0.1756,LOW
2020-07-03,06:00:00,16.46,81.02,24.68,79.11,123.57,193.57,383.41,1027.69,12.818,10.491,10.879,12.313,13.704,155828.71,24.89,82.49,1001.95,6.64,28.4,6.2,16,7650,0.99,VERY_HIGH
2020-07-03,12:00:00,16.52,81.08,15.68,33.05,56.19,97.23,169.1,396.0,13.021,12.818,10.26,11.39,13.8,84092.09,25.95,79.33,1005.58,6.66,16.5,2.4,8,17400,0.8339,VERY_HIGH
2020-07-03,18:00:00,16.58,81.14,30.9,84.94,155.61,272.44,421.93,1116.44,13.8,13.021,10.491,10.736,13.8,174287.79,31.86,85.75,1008.49,10.11,22.7,4.1,15,10900,0.99,VERY_HIGH
2020-07-04,00:00:00,16.1,80.65,24.39,46.53,75.76,162.72,311.93,982.17,13.8,13.8,12.818,10.879,13.74,131604.33,23.95,81.74,1003.03,9.48,18.2,2.1,12,12450,0.99,VERY_HIGH
2020-07-04,06:00:00,16.14,80.71,7.03,19.91,29.39,36.54,54.35,182.44,13.392,13.8,13.021,10.26,13.26,41743.08,29.26,79.47,1013.46,9.92,21.4,3.7,9,8320,0.1136,LOW
2020-07-04,12:00:00,16.18,80.75,40.58,80.86,185.96,341.53,557.88,1238.61,13.8,13.392,13.8,10.491,12.908,219076.1,28.12,89.38,1009.32,7.02,14.7,1.2,10,15620,0.99,VERY_HIGH
2020-07-04,18:00:00,16.22,80.8,13.36,30.7,49.92,86.01,163.3,475.4,13.8,13.8,13.8,12.818,12.313,82327.84,28.31,82.2,1002.88,13.01,12.8,2.8,10,19850,0.8822,VERY_HIGH
2020-07-05,00:00:00,16.28,80.84,19.26,31.56,68.95,136.71,209.02,635.4,13.8,13.8,13.392,13.021,11.39,98614.99,25.93,84.23,1013.71,9.45,25.1,5.4,10,9130,0.9261,VERY_HIGH
2020-07-05,06:00:00,16.34,80.9,38.83,108.04,244.95,447.95,831.81,2563.41,13.8,13.8,13.8,13.8,10.736,316405.07,23.04,82.95,1013.06,10.94,19.3,3.1,7,14670,0.99,VERY_HIGH
2020-07-05,12:00:00,16.4,80.96,6.7,10.41,21.49,39.21,76.17,259.15,13.452,13.8,13.8,13.8,10.879,53584.71,30.16,84.19,1007.12,7.37,11.9,1.6,12,22100,0.5101,HIGH
2020-07-05,18:00:00,16.46,81.02,10.91,32.58,66.53,138.06,214.18,644.72,13.8,13.452,13.8,13.392,10.26,101957.85,27.49,80.83,1006.52,4.6,28.4,6.2,12,7650,0.9614,VERY_HIGH
2020-07-06,00:00:00,16.52,81.08,37.69,109.23,224.6,359.78,664.28,1342.07,13.8,13.8,13.8,13.8,10.491,257184.06,24.48,92.76,1004.45,10.75,16.5,2.4,14,17400,0.99,VERY_HIGH
2020-07-06,06:00:00,16.58,81.14,8.64,29.71,55.36,85.31,152.63,390.82,13.8,13.8,13.452,13.8,12.818,77407.1,25.54,85.45,1002.81,8.18,22.7,4.1,11,10900,0.8286,VERY_HIGH
2020-07-06,12:00:00,16.1,80.65,3.04,4.01,4.01,11.58,31.05,100.93,13.083,13.8,13.8,13.8,13.021,33464.93,29.47,89.18,1007.78,5.54,18.2,2.1,13,12450,0.1693,LOW
2020-07-06,18:00:00,16.14,80.71,14.39,29.42,62.81,112.25,199.46,635.48,13.8,13.083,13.8,13.8,13.8,92471.46,24.89,89.03,1006.16,13.21,21.4,3.7,13,8320,0.9123,VERY_HIGH
2020-07-07,00:00:00,16.18,80.75,4.64,9.61,27.65,42.79,54.28,123.46,13.241,13.8,13.8,13.452,13.8,44630.7,26.04,82.39,998.99,10.75,14.7,1.2,14,15620,0.3052,MODERATE
2020-07-07,06:00:00,16.22,80.8,11.22,36.57,56.49,93.73,177.56,598.74,13.794,13.241,13.083,13.8,13.392,86148.77,29.8,84.1,1001.1,13.25,12.8,2.8,13,19850,0.8742,VERY_HIGH
2020-07-07,12:00:00,16.28,80.84,0.92,0.92,0.92,0.92,0.97,37.99,12.92,13.794,13.8,13.8,13.8,23695.92,24.29,90.73,1003.33,7.72,25.1,5.4,11,9130,0.0508,LOW
2020-07-07,18:00:00,16.34,80.9,4.57,14.61,23.27,40.22,54.8,149.2,12.441,12.92,13.241,13.8,13.8,39580.92,28.81,84.79,1004.01,11.32,19.3,3.1,17,14670,0.173,LOW
2020-07-08,00:00:00,16.4,80.96,25.57,77.69,147.23,213.29,398.92,1077.74,13.8,12.441,13.794,13.083,13.8,164458.14,27.18,83.01,1007.64,9.6,11.9,1.6,10,22100,0.99,VERY_HIGH
2020-07-08,06:00:00,16.46,81.02,13.4,37.26,61.87,101.91,203.92,581.55,13.8,13.8,12.92,13.8,13.8,97279.02,28.08,85.0,1001.18,12.17,28.4,6.2,14,7650,0.9252,VERY_HIGH
2020-07-08,12:00:00,16.52,81.08,12.14,27.1,50.5,75.05,135.76,392.86,13.8,13.8,12.441,13.241,13.452,72644.72,28.87,83.1,1009.73,12.28,16.5,2.4,10,17400,0.7567,VERY_HIGH
2020-07-08,18:00:00,16.58,81.14,23.38,58.76,91.99,178.14,298.26,752.6,13.8,13.8,13.8,13.794,13.8,128734.29,25.98,92.42,1005.39,9.55,22.7,4.1,13,10900,0.99,VERY_HIGH
2020-07-09,00:00:00,16.1,80.65,12.49,20.92,29.42,33.17,50.45,189.5,13.197,13.8,13.8,12.92,13.8,42299.63,29.89,78.15,1006.75,6.88,18.2,2.1,13,12450,0.2312,LOW
2020-07-09,06:00:00,16.14,80.71,2.81,3.67,3.67,14.1,14.1,32.78,12.209,13.197,13.8,12.441,13.8,27738.33,23.4,75.1,1002.0,8.89,21.4,3.7,13,8320,0.0616,LOW
2020-07-09,12:00:00,16.18,80.75,28.05,59.04,107.31,181.68,267.92,576.15,13.362,12.209,13.8,13.8,13.083,118006.39,29.6,80.63,1007.39,7.98,14.7,1.2,11,15620,0.9857,VERY_HIGH
2020-07-09,18:00:00,16.22,80.8,11.45,27.27,51.34,80.21,144.83,347.52,13.478,13.362,13.197,13.8,13.8,72275.92,26.85,85.21,1005.48,3.96,12.8,2.8,11,19850,0.7892,VERY_HIGH
2020-07-10,00:00:00,16.28,80.84,0.24,0.24,1.47,7.16,13.5,26.64,12.606,13.478,12.209,13.8,13.241,25666.18,25.25,77.06,1010.25,6.33,25.1,5.4,14,9130,0.0673,LOW
2020-07-10,06:00:00,16.34,80.9,22.03,45.53,72.95,155.26,229.56,533.09,13.786,12.606,13.362,13.8,13.794,103923.2,25.62,82.9,1003.29,8.35,19.3,3.1,13,14670,0.9651,VERY_HIGH
2020-07-10,12:00:00,16.4,80.96,14.87,28.83,68.18,95.82,153.65,429.27,13.8,13.786,13.478,13.197,12.92,79374.48,26.63,92.62,1005.58,11.2,11.9,1.6,9,22100,0.8781,VERY_HIGH
2020-07-10,18:00:00,16.46,81.02,11.37,30.96,64.94,125.37,206.48,495.82,13.8,13.8,12.606,12.209,12.441,95792.7,26.1,88.54,1004.64,6.78,28.4,6.2,11,7650,0.9182,VERY_HIGH
2020-07-11,00:00:00,16.52,81.08,18.24,36.69,63.24,89.59,148.9,405.38,13.8,13.8,13.786,13.362,13.8,76988.17,28.03,99.0,998.27,10.52,16.5,2.4,14,17400,0.8002,VERY_HIGH
2020-07-11,06:00:00,16.58,81.14,13.0,29.95,60.64,84.31,161.73,561.38,13.8,13.8,13.8,13.478,13.8,81580.65,28.53,86.58,1004.99,7.35,22.7,4.1,12,10900,0.9098,VERY_HIGH
2020-07-11,12:00:00,16.1,80.65,4.83,16.74,39.86,74.42,133.44,415.21,13.8,13.8,13.8,12.606,13.8,72598.72,24.36,74.29,1007.95,11.2,18.2,2.1,8,12450,0.7275,HIGH
2020-07-11,18:00:00,16.14,80.71,13.54,35.66,66.2,108.24,151.13,536.56,13.8,13.8,13.8,13.786,13.8,77491.65,26.94,82.96,1004.74,10.07,21.4,3.7,14,8320,0.8388,VERY_HIGH
2020-07-12,00:00:00,16.18,80.75,10.24,28.34,62.88,127.96,245.02,537.67,13.8,13.8,13.8,13.8,13.197,111173.14,28.24,95.51,1007.88,12.99,14.7,1.2,11,15620,0.9827,VERY_HIGH
2020-07-12,06:00:00,16.22,80.8,50.4,113.44,201.01,293.44,553.7,1676.66,13.8,13.8,13.8,13.8,12.209,220500.88,30.33,86.14,999.2,11.57,12.8,2.8,12,19850,0.99,VERY_HIGH
2020-07-12,12:00:00,16.28,80.84,7.4,20.57,43.67,79.2,171.7,550.49,13.8,13.8,13.8,13.8,13.362,85610.34,24.24,76.2,1005.0,14.48,25.1,5.4,14,9130,0.8584,VERY_HIGH
2020-07-12,18:00:00,16.34,80.9,5.31,11.26,11.26,20.57,39.23,83.76,12.961,13.8,13.8,13.8,13.478,35775.48,28.14,86.33,1008.68,10.27,19.3,3.1,12,14670,0.1247,LOW
2020-07-13,00:00:00,16.4,80.96,0.33,0.33,0.33,0.33,0.91,23.05,11.989,12.961,13.8,13.8,12.606,22839.62,25.98,81.63,1003.63,6.25,11.9,1.6,10,22100,0.0422,LOW
2020-07-13,06:00:00,16.46,81.02,28.19,67.51,112.53,178.71,340.83,1147.71,13.8,11.989,13.8,13.8,13.786,143888.38,28.34,82.93,999.48,5.99,28.4,6.2,10,7650,0.99,VERY_HIGH
2020-07-13,12:00:00,16.52,81.08,5.77,21.04,35.7,45.81,81.12,158.59,13.039,13.8,12.961,13.8,13.8,53720.59,30.99,79.36,1004.17,6.96,16.5,2.4,12,17400,0.3414,MODERATE
2020-07-13,18:00:00,16.58,81.14,11.85,34.29,70.34,114.85,200.42,592.71,13.8,13.039,11.989,13.8,13.8,95999.86,28.75,85.57,1007.73,8.41,22.7,4.1,12,10900,0.9386,VERY_HIGH
2020-07-14,00:00:00,16.1,80.65,4.22,6.19,11.08,25.3,29.41,108.95,12.957,13.8,13.8,13.8,13.8,33727.88,30.2,89.44,1004.67,14.86,18.2,2.1,10,12450,0.1285,LOW
2020-07-14,06:00:00,16.14,80.71,1.57,5.28,7.88,15.65,18.68,61.66,12.079,12.957,13.039,12.961,13.8,26845.88,29.61,81.07,1007.05,8.08,21.4,3.7,12,8320,0.0497,LOW
2020-07-14,12:00:00,16.18,80.75,34.02,64.46,145.89,260.03,396.55,886.64,13.8,12.079,13.8,11.989,13.8,162449.71,25.91,85.63,1004.98,14.14,14.7,1.2,12,15620,0.99,VERY_HIGH
2020-07-14,18:00:00,16.22,80.8,4.03,8.26,21.13,36.85,66.42,119.1,13.455,13.8,12.957,13.8,13.8,48513.48,28.71,88.53,1007.05,10.35,12.8,2.8,11,19850,0.2296,LOW
2020-07-15,00:00:00,16.28,80.84,3.13,5.57,17.78,17.78,33.32,71.05,12.745,13.455,12.079,13.039,13.8,36955.95,24.76,80.58,1002.25,10.19,25.1,5.4,13,9130,0.0882,LOW
2020-07-15,06:00:00,16.34,80.9,22.57,51.48,103.22,194.63,372.46,1041.14,13.8,12.745,13.8,13.8,13.8,155665.41,29.86,78.6,1004.77,10.69,19.3,3.1,14,14670,0.99,VERY_HIGH
2020-07-15,12:00:00,16.4,80.96,31.42,85.08,192.68,372.27,713.12,1466.7,13.8,13.8,13.455,12.957,13.8,276350.31,27.47,92.0,1003.91,8.47,11.9,1.6,13,22100,0.99,VERY_HIGH
2020-07-15,18:00:00,16.46,81.02,2.11,4.43,17.58,30.76,53.92,147.36,13.07,13.8,12.745,12.079,12.961,41335.8,25.27,80.3,1003.76,9.67,28.4,6.2,8,7650,0.1454,LOW
2020-07-16,00:00:00,16.52,81.08,11.37,21.77,35.5,65.92,131.79,321.23,13.271,13.07,13.8,13.8,11.989,68494.2,24.37,99.0,1004.87,12.77,16.5,2.4,13,17400,0.524,HIGH
2020-07-16,06:00:00,16.58,81.14,0.19,1.44,6.14,11.69,17.17,47.32,12.414,13.271,13.8,13.455,13.8,27045.16,23.75,76.93,1008.79,9.23,22.7,4.1,10,10900,0.0387,LOW
2020-07-16,12:00:00,16.1,80.65,6.82,13.39,27.87,39.04,71.53,173.36,12.037,12.414,13.07,12.745,13.039,45564.45,26.24,74.83,1011.34,7.73,18.2,2.1,12,12450,0.5161,HIGH
2020-07-16,18:00:00,16.14,80.71,4.4,7.65,21.72,49.03,72.34,226.14,11.816,12.037,13.271,13.8,13.8,44270.96,27.07,83.84,1013.62,9.23,21.4,3.7,14,8320,0.2302,LOW
2020-07-17,00:00:00,16.18,80.75,4.87,5.79,16.77,29.54,51.4,173.11,11.31,11.816,12.414,13.8,12.957,40105.34,23.22,85.24,1000.65,7.26,14.7,1.2,13,15620,0.1653,LOW
2020-07-17,06:00:00,16.22,80.8,16.61,25.8,37.11,69.78,91.44,302.76,10.922,11.31,12.037,13.07,12.079,53095.22,27.26,89.48,1008.15,11.74,12.8,2.8,11,19850,0.4034,MODERATE
2020-07-17,12:00:00,16.28,80.84,10.64,21.54,37.55,69.14,112.92,335.46,11.052,10.922,11.816,13.271,13.8,58379.75,27.05,87.85,1010.43,9.55,25.1,5.4,13,9130,0.4026,MODERATE
2020-07-17,18:00:00,16.34,80.9,10.45,19.02,29.24,55.56,99.61,196.33,10.66,11.052,11.31,12.414,13.455,55959.85,30.06,78.17,1002.71,6.94,19.3,3.1,12,14670,0.2616,MODERATE
2020-07-18,00:00:00,16.4,80.96,4.18,10.38,25.61,53.92,92.04,240.7,10.677,10.66,10.922,12.037,12.745,51351.78,27.12,83.49,1009.44,5.57,11.9,1.6,15,22100,0.1777,LOW
2020-07-18,06:00:00,16.46,81.02,29.25,88.26,194.66,314.92,483.72,1092.01,13.387,10.677,11.052,11.816,13.8,194814.81,27.47,82.76,1007.73,6.43,28.4,6.2,15,7650,0.99,VERY_HIGH
2020-07-18,12:00:00,16.52,81.08,48.13,91.22,170.23,316.85,601.15,1572.96,13.8,13.387,10.66,11.31,13.8,236367.73,28.61,85.6,1007.12,9.28,16.5,2.4,11,17400,0.99,VERY_HIGH
2020-07-18,18:00:00,16.58,81.14,0.6,5.11,5.11,5.11,16.0,24.71,12.85,13.8,10.677,10.922,13.07,27284.2,25.2,89.34,1004.0,6.41,22.7,4.1,14,10900,0.0461,LOW
2020-07-19,00:00:00,16.1,80.65,1.97,4.41,5.61,5.61,8.77,32.69,11.867,12.85,13.387,11.052,13.271,23915.92,26.45,89.98,1008.5,9.24,18.2,2.1,12,12450,0.0696,LOW
2020-07-19,06:00:00,16.14,80.71,35.11,103.34,232.22,449.48,829.29,2552.87,13.8,11.867,13.8,10.66,12.414,317255.08,23.23,81.36,1001.17,14.53,21.4,3.7,10,8320,0.99,VERY_HIGH
2020-07-19,12:00:00,16.18,80.75,19.56,47.31,109.11,180.75,264.61,558.33,13.8,13.8,12.85,10.677,12.037,119335.41,25.53,99.0,1008.57,12.15,14.7,1.2,16,15620,0.99,VERY_HIGH
2020-07-19,18:00:00,16.22,80.8,1.22,1.22,1.22,1.22,23.11,113.12,12.613,13.8,11.867,13.387,11.816,30531.89,26.99,96.73,1010.21,8.87,12.8,2.8,12,19850,0.0854,LOW
2020-07-20,00:00:00,16.28,80.84,9.29,25.99,35.79,47.6,79.0,248.48,12.163,12.613,13.8,13.8,11.31,50765.12,26.61,84.25,1004.25,11.33,25.1,5.4,12,9130,0.2054,LOW
2020-07-20,06:00:00,16.34,80.9,1.65,7.38,11.44,20.89,20.89,92.56,11.431,12.163,13.8,12.85,10.922,29192.28,25.21,80.04,1001.35,11.4,19.3,3.1,9,14670,0.0781,LOW
2020-07-20,12:00:00,16.4,80.96,3.45,7.19,7.19,18.22,38.72,92.48,11.085,11.431,12.613,11.867,11.052,32133.12,25.68,89.37,1001.62,14.04,11.9,1.6,12,22100,0.1337,LOW
2020-07-20,18:00:00,16.46,81.02,25.85,80.45,149.01,218.88,416.14,1225.95,13.8,11.085,12.163,13.8,10.66,170043.77,27.88,80.64,1000.73,8.93,28.4,6.2,13,7650,0.99,VERY_HIGH
2020-07-21,00:00:00,16.52,81.08,5.67,10.82,14.8,32.28,54.96,112.23,12.804,13.8,11.431,13.8,10.677,43105.43,24.81,88.05,1009.7,10.4,16.5,2.4,14,17400,0.1613,LOW
2020-07-21,06:00:00,16.58,81.14,5.77,18.86,24.02,49.33,121.4,416.22,12.831,12.804,11.085,12.613,13.387,67033.84,27.09,74.76,1008.96,4.99,22.7,4.1,11,10900,0.598,HIGH
2020-07-21,12:00:00,16.1,80.65,18.05,54.3,95.02,141.98,254.33,804.39,13.8,12.831,13.8,12.163,13.8,115241.81,29.99,83.43,1007.16,11.21,18.2,2.1,14,12450,0.99,VERY_HIGH
2020-07-21,18:00:00,16.14,80.71,1.67,1.67,1.67,1.67,1.67,19.77,12.643,13.8,12.804,11.431,12.85,22361.54,29.19,85.11,1013.66,12.06,21.4,3.7,13,8320,0.0363,LOW
2020-07-22,00:00:00,16.18,80.75,5.1,14.0,28.48,62.22,81.12,220.07,12.377,12.643,12.831,11.085,11.867,49112.71,23.21,73.17,1009.12,5.5,14.7,1.2,13,15620,0.2646,MODERATE
2020-07-22,06:00:00,16.22,80.8,9.94,24.59,53.82,87.82,166.94,457.98,12.481,12.377,13.8,13.8,13.8,82202.49,24.94,83.21,1009.95,14.21,12.8,2.8,14,19850,0.8303,VERY_HIGH
2020-07-22,12:00:00,16.28,80.84,4.75,14.13,16.33,37.37,54.76,117.76,11.982,12.481,12.643,12.804,13.8,41304.29,26.63,91.99,1004.0,13.52,25.1,5.4,11,9130,0.1075,LOW
2020-07-22,18:00:00,16.34,80.9,31.33,78.34,139.88,256.78,480.39,1104.42,13.8,11.982,12.377,12.831,12.613,193057.52,28.56,92.6,1003.65,12.8,19.3,3.1,11,14670,0.99,VERY_HIGH
2020-07-23,00:00:00,16.4,80.96,30.43,92.7,176.49,341.22,502.47,1490.69,13.8,13.8,12.481,13.8,12.163,202073.74,28.49,78.51,1007.88,10.04,11.9,1.6,15,22100,0.99,VERY_HIGH
2020-07-23,06:00:00,16.46,81.02,9.78,20.82,30.57,59.51,92.47,245.82,13.377,13.8,11.982,12.643,11.431,55689.93,26.31,79.08,1004.31,9.37,28.4,6.2,15,7650,0.3902,MODERATE
2020-07-23,12:00:00,16.52,81.08,1.76,4.57,16.25,25.43,48.62,127.84,12.423,13.377,13.8,12.377,11.085,40296.65,27.33,80.88,1003.77,9.82,16.5,2.4,6,17400,0.1397,LOW
2020-07-23,18:00:00,16.58,81.14,8.34,20.02,29.7,39.31,55.97,172.7,12.019,12.423,13.8,12.481,13.8,41886.53,22.9,84.83,1003.29,10.9,22.7,4.1,12,10900,0.0912,LOW
2020-07-24,00:00:00,16.1,80.65,0.79,7.34,15.1,30.81,61.6,188.25,11.862,12.019,13.377,11.982,12.804,42347.85,25.23,99.0,1005.28,8.56,18.2,2.1,10,12450,0.2957,MODERATE
2020-07-24,06:00:00,16.14,80.71,26.64,73.09,122.45,216.42,324.31,1103.73,13.8,11.862,12.423,13.8,12.831,139015.52,29.9,88.06,1004.89,15.15,21.4,3.7,10,8320,0.99,VERY_HIGH
2020-07-24,12:00:00,16.18,80.75,6.56,10.35,37.33,80.45,130.51,301.08,13.8,13.8,12.019,13.8,13.8,69523.57,26.7,69.6,1003.43,12.13,14.7,1.2,14,15620,0.7547,VERY_HIGH
2020-07-24,18:00:00,16.22,80.8,8.63,12.97,14.92,14.92,44.78,132.86,13.166,13.8,11.862,13.377,12.643,39273.5,28.92,87.81,1001.45,10.7,12.8,2.8,11,19850,0.237,LOW
2020-07-25,00:00:00,16.28,80.84,20.67,43.9,96.01,160.7,294.26,616.61,13.8,13.166,13.8,12.423,12.377,130482.25,26.81,88.15,1002.39,6.3,25.1,5.4,11,9130,0.9864,VERY_HIGH
2020-07-25,06:00:00,16.34,80.9,6.98,14.36,26.62,35.85,55.05,197.75,13.224,13.8,13.8,12.019,12.481,43279.13,24.0,86.09,998.8,5.01,19.3,3.1,13,14670,0.3379,MODERATE
2020-07-25,12:00:00,16.4,80.96,7.35,15.78,28.01,61.9,101.83,270.06,13.211,13.224,13.166,11.862,11.982,58914.51,27.74,94.02,996.28,10.3,11.9,1.6,10,22100,0.3895,MODERATE
2020-07-25,18:00:00,16.46,81.02,67.71,199.42,349.63,701.38,1193.37,3244.25,13.8,13.211,13.8,13.8,13.8,442128.08,22.67,81.36,996.63,14.25,28.4,6.2,13,7650,0.99,VERY_HIGH
2020-07-26,00:00:00,16.52,81.08,9.6,20.2,41.62,71.75,113.43,288.45,13.489,13.8,13.224,13.8,13.8,63718.14,28.82,85.93,1006.01,12.85,16.5,2.4,12,17400,0.7242,HIGH
2020-07-26,06:00:00,16.58,81.14,1.76,2.67,2.67,6.99,6.99,6.99,12.279,13.489,13.211,13.166,13.377,25360.47,28.77,91.51,1005.02,7.22,22.7,4.1,15,10900,0.0557,LOW
2020-07-26,12:00:00,16.1,80.65,21.83,46.3,97.83,206.18,292.18,626.91,13.8,12.279,13.8,13.8,12.423,124990.16,27.56,89.25,1009.74,9.76,18.2,2.1,10,12450,0.99,VERY_HIGH
2020-07-26,18:00:00,16.14,80.71,0.48,0.89,1.55,10.58,17.71,82.29,13.071,13.8,13.489,13.224,12.019,28853.87,24.87,89.01,999.03,7.57,21.4,3.7,12,8320,0.0781,LOW
2020-07-27,00:00:00,16.18,80.75,5.81,20.16,44.2,57.28,84.49,294.08,12.911,13.071,12.279,13.211,11.862,53671.71,26.55,89.3,994.73,13.34,14.7,1.2,9,15620,0.415,MODERATE
2020-07-27,06:00:00,16.22,80.8,37.18,113.33,235.24,409.92,570.33,1414.92,13.8,12.911,13.8,13.8,13.8,224167.64,27.91,91.1,999.87,10.02,12.8,2.8,13,19850,0.99,VERY_HIGH
2020-07-27,12:00:00,16.28,80.84,19.12,41.67,63.15,105.82,157.66,459.46,13.8,13.8,13.071,13.489,13.8,80018.34,27.94,79.99,1011.73,10.84,25.1,5.4,15,9130,0.8,VERY_HIGH
2020-07-27,18:00:00,16.34,80.9,18.8,38.7,67.03,103.47,146.89,380.03,13.8,13.8,12.911,12.279,13.166,76502.92,31.0,93.38,1008.01,7.49,19.3,3.1,13,14670,0.7516,VERY_HIGH
2020-07-28,00:00:00,16.4,80.96,15.98,43.18,71.8,145.02,310.38,941.63,13.8,13.8,13.8,13.8,13.8,134973.95,27.8,90.37,1003.53,11.99,11.9,1.6,17,22100,0.99,VERY_HIGH
2020-07-28,06:00:00,16.46,81.02,6.2,18.04,30.24,42.13,73.45,243.56,13.678,13.8,13.8,13.071,13.224,48917.98,25.84,86.12,1009.49,9.78,28.4,6.2,11,7650,0.2931,MODERATE
2020-07-28,12:00:00,16.52,81.08,18.85,58.3,90.4,141.46,205.13,431.81,13.8,13.678,13.8,12.911,13.211,95730.29,24.78,92.09,1003.72,12.31,16.5,2.4,12,17400,0.9391,VERY_HIGH
2020-07-28,18:00:00,16.58,81.14,12.89,27.23,51.3,95.95,141.15,444.73,13.8,13.8,13.8,13.8,13.8,75010.43,25.66,76.33,1005.14,8.07,22.7,4.1,13,10900,0.8708,VERY_HIGH
2020-07-29,00:00:00,16.1,80.65,13.6,42.73,69.44,137.63,227.32,805.62,13.8,13.8,13.678,13.8,13.489,106046.07,27.39,81.17,998.5,5.55,18.2,2.1,16,12450,0.9737,VERY_HIGH
2020-07-29,06:00:00,16.14,80.71,21.03,53.88,79.74,120.34,160.6,435.88,13.8,13.8,13.8,13.8,12.279,79801.77,26.52,81.79,1004.25,15.09,21.4,3.7,12,8320,0.8639,VERY_HIGH
2020-07-29,12:00:00,16.18,80.75,99.26,176.39,320.21,475.18,842.02,2361.66,13.8,13.8,13.8,13.8,13.8,317824.74,25.64,86.24,1009.66,9.15,14.7,1.2,11,15620,0.99,VERY_HIGH
2020-07-29,18:00:00,16.22,80.8,26.78,59.34,130.11,250.38,372.43,1120.9,13.8,13.8,13.8,13.678,13.071,157106.49,24.56,87.28,1011.63,13.42,12.8,2.8,10,19850,0.99,VERY_HIGH
2020-07-30,00:00:00,16.28,80.84,10.37,27.38,54.2,78.34,134.16,272.48,13.635,13.8,13.8,13.8,12.911,71459.84,27.54,91.23,1005.37,11.59,25.1,5.4,12,9130,0.6206,HIGH
2020-07-30,06:00:00,16.34,80.9,0.81,0.81,0.81,0.81,5.07,8.89,12.598,13.635,13.8,13.8,13.8,24172.94,26.07,71.78,1009.67,10.67,19.3,3.1,14,14670,0.0722,LOW
2020-07-30,12:00:00,16.4,80.96,20.3,38.08,74.42,109.25,196.43,644.95,13.544,12.598,13.8,13.8,13.8,94176.46,25.05,86.51,1008.68,7.93,11.9,1.6,12,22100,0.9395,VERY_HIGH
2020-07-30,18:00:00,16.46,81.02,23.8,66.42,139.55,190.42,345.91,907.51,13.8,13.544,13.635,13.8,13.8,145491.57,27.0,82.5,1003.64,10.27,28.4,6.2,9,7650,0.99,VERY_HIGH
2020-07-31,00:00:00,16.52,81.08,3.31,8.11,16.94,23.97,46.38,157.87,13.312,13.8,12.598,13.8,13.8,40250.69,34.08,87.93,1001.0,14.38,16.5,2.4,9,17400,0.1918,LOW
2020-07-31,06:00:00,16.58,81.14,12.61,38.16,67.93,127.87,200.95,477.75,13.8,13.312,13.544,13.8,13.678,94107.68,27.42,78.82,1003.02,8.45,22.7,4.1,8,10900,0.8657,VERY_HIGH
2020-07-31,12:00:00,16.1,80.65,1.24,3.33,7.49,12.52,37.13,160.0,12.959,13.8,13.8,13.635,13.8,35256.53,30.3,80.21,1007.65,11.27,18.2,2.1,10,12450,0.1526,LOW
2020-07-31,18:00:00,16.14,80.71,11.21,33.33,67.09,99.8,200.78,608.48,13.397,12.959,13.312,12.598,13.8,95266.08,23.98,85.87,1007.87,15.21,21.4,3.7,13,8320,0.9592,VERY_HIGH
2020-08-01,00:00:00,16.18,80.75,1.53,3.85,8.85,9.81,15.7,59.98,12.756,13.397,13.8,13.544,13.8,28773.36,24.16,79.23,997.97,8.63,14.7,1.2,14,15620,0.0662,LOW
2020-08-01,06:00:00,16.22,80.8,50.35,135.92,270.15,531.5,763.92,2132.66,13.8,12.756,12.959,13.8,13.8,291872.61,29.2,75.99,1005.38,10.83,12.8,2.8,13,19850,0.99,VERY_HIGH
2020-08-01,12:00:00,16.28,80.84,16.16,24.23,56.47,109.61,177.43,618.17,13.8,13.8,13.397,13.312,13.8,85610.26,25.06,93.66,1005.74,9.82,25.1,5.4,11,9130,0.9207,VERY_HIGH
2020-08-01,18:00:00,16.34,80.9,19.68,38.87,67.11,114.37,183.45,403.9,13.8,13.8,12.756,13.8,13.8,88669.35,26.9,86.04,1011.63,5.21,19.3,3.1,13,14670,0.916,VERY_HIGH
2020-08-02,00:00:00,16.4,80.96,14.4,43.48,97.14,186.27,332.14,821.75,13.8,13.8,13.8,12.959,13.635,141158.48,25.23,82.65,1004.79,10.48,11.9,1.6,8,22100,0.99,VERY_HIGH
2020-08-02,06:00:00,16.46,81.02,27.47,45.17,90.99,168.83,258.66,812.48,13.8,13.8,13.8,13.397,12.598,115163.31,24.61,90.28,1004.01,11.53,28.4,6.2,11,7650,0.9893,VERY_HIGH
2020-08-02,12:00:00,16.52,81.08,78.61,157.73,289.1,440.51,628.44,1815.84,13.8,13.8,13.8,12.756,13.544,244741.05,29.79,82.94,1003.74,10.33,16.5,2.4,13,17400,0.99,VERY_HIGH
2020-08-02,18:00:00,16.58,81.14,17.16,34.91,70.42,113.2,205.45,455.96,13.8,13.8,13.8,13.8,13.8,95889.39,25.97,82.82,1002.3,9.13,22.7,4.1,10,10900,0.9364,VERY_HIGH
2020-08-03,00:00:00,16.1,80.65,7.06,18.04,32.12,43.88,96.27,252.21,13.473,13.8,13.8,13.8,13.312,59167.84,28.01,78.57,1005.64,10.03,18.2,2.1,13,12450,0.6551,HIGH
2020-08-03,06:00:00,16.14,80.71,1.93,7.13,17.01,31.45,46.78,179.53,12.876,13.473,13.8,13.8,13.8,38775.57,26.9,79.68,999.33,11.28,21.4,3.7,11,8320,0.2343,LOW
2020-08-03,12:00:00,16.18,80.75,7.47,15.02,27.55,52.21,95.98,285.72,12.805,12.876,13.8,13.8,12.959,54820.75,29.0,83.18,1003.17,6.43,14.7,1.2,11,15620,0.4733,MODERATE
2020-08-03,18:00:00,16.22,80.8,10.51,20.49,39.61,52.55,68.95,220.46,12.342,12.805,13.473,13.8,13.397,47094.4,27.9,81.48,1000.79,16.07,12.8,2.8,14,19850,0.404,MODERATE
2020-08-04,00:00:00,16.28,80.84,6.28,18.44,38.16,60.21,112.02,341.67,12.229,12.342,12.876,13.8,12.756,61239.42,26.58,79.71,1008.45,6.95,25.1,5.4,11,9130,0.478,MODERATE
2020-08-04,06:00:00,16.34,80.9,74.28,224.81,398.03,742.44,1208.15,2947.4,13.8,12.229,12.805,13.8,13.8,447074.13,20.4,82.57,1014.68,13.18,19.3,3.1,15,14670,0.99,VERY_HIGH
2020-08-04,12:00:00,16.4,80.96,45.12,107.72,184.22,274.33,380.69,1045.34,13.8,13.8,12.342,13.473,13.8,157356.4,25.9,74.44,1004.0,8.82,11.9,1.6,13,22100,0.99,VERY_HIGH
2020-08-04,18:00:00,16.46,81.02,12.87,41.97,65.23,117.42,231.8,536.32,13.8,13.8,12.229,12.876,13.8,106087.65,26.4,84.83,1006.25,10.04,28.4,6.2,12,7650,0.9532,VERY_HIGH
2020-08-05,00:00:00,16.52,81.08,39.98,97.09,195.82,368.31,710.38,2409.35,13.8,13.8,13.8,12.805,13.8,273366.2,25.44,95.02,1000.15,14.85,16.5,2.4,11,17400,0.99,VERY_HIGH
2020-08-05,06:00:00,16.58,81.14,7.46,13.62,24.19,36.88,79.72,255.06,13.078,13.8,13.8,12.342,13.8,49710.75,25.26,78.22,1001.47,6.48,22.7,4.1,11,10900,0.1657,LOW
2020-08-05,12:00:00,16.1,80.65,7.45,26.07,45.63,79.57,114.38,273.83,12.756,13.078,13.8,12.229,13.8,63039.46,28.02,86.7,1006.49,8.29,18.2,2.1,15,12450,0.6279,HIGH
2020-08-05,18:00:00,16.14,80.71,16.94,41.82,59.93,104.5,180.53,486.52,13.382,12.756,13.8,13.8,13.8,87423.78,27.53,81.68,1005.38,7.06,21.4,3.7,13,8320,0.8429,VERY_HIGH
2020-08-06,00:00:00,16.18,80.75,36.59,69.72,159.67,300.25,434.42,992.13,13.8,13.382,13.078,13.8,13.473,175947.56,26.63,91.68,1008.61,13.3,14.7,1.2,11,15620,0.99,VERY_HIGH
2020-08-06,06:00:00,16.22,80.8,37.92,90.33,190.5,319.73,531.92,1104.38,13.8,13.8,12.756,13.8,12.876,210152.29,29.26,74.15,1004.51,11.53,12.8,2.8,10,19850,0.99,VERY_HIGH
2020-08-06,12:00:00,16.28,80.84,8.35,17.21,33.83,76.35,146.28,422.1,13.8,13.8,13.382,13.8,12.805,74224.4,29.27,86.02,1007.94,12.9,25.1,5.4,14,9130,0.7345,HIGH
2020-08-06,18:00:00,16.34,80.9,13.35,39.16,69.15,127.79,197.3,460.75,13.8,13.8,13.8,13.078,12.342,93658.38,24.14,95.33,1010.2,11.13,19.3,3.1,16,14670,0.9399,VERY_HIGH
2020-08-07,00:00:00,16.4,80.96,4.63,7.1,9.76,23.5,45.41,142.69,13.055,13.8,13.8,12.756,12.229,39560.42,26.52,88.23,1009.26,15.45,11.9,1.6,13,22100,0.2597,MODERATE
2020-08-07,06:00:00,16.46,81.02,32.0,80.67,189.87,293.2,511.43,1627.12,13.8,13.055,13.8,13.382,13.8,203980.62,26.37,99.0,1011.56,10.31,28.4,6.2,10,7650,0.99,VERY_HIGH
2020-08-07,12:00:00,16.52,81.08,9.21,29.86,59.45,107.87,159.56,528.64,13.8,13.8,13.8,13.8,13.8,80524.14,23.55,85.98,1007.77,8.3,16.5,2.4,10,17400,0.913,VERY_HIGH
2020-08-07,18:00:00,16.58,81.14,46.02,122.67,266.19,514.62,777.53,1551.52,13.8,13.8,13.055,13.8,13.8,297280.89,28.78,76.93,997.5,8.92,22.7,4.1,8,10900,0.99,VERY_HIGH
2020-08-08,00:00:00,16.1,80.65,11.41,27.0,56.0,89.87,154.23,539.47,13.8,13.8,13.8,13.8,13.8,78319.53,30.68,94.03,1007.67,9.31,18.2,2.1,11,12450,0.8909,VERY_HIGH
2020-08-08,06:00:00,16.14,80.71,7.21,15.99,28.71,51.89,109.23,348.92,13.445,13.8,13.8,13.8,13.078,60828.37,27.19,69.88,1005.06,5.43,21.4,3.7,11,8320,0.4849,MODERATE
2020-08-08,12:00:00,16.18,80.75,5.11,10.1,19.4,29.23,41.95,175.69,13.309,13.445,13.8,13.055,12.756,37637.9,25.38,94.05,1002.45,8.75,14.7,1.2,12,15620,0.3402,MODERATE
2020-08-08,18:00:00,16.22,80.8,2.37,5.94,5.94,9.47,9.47,32.05,12.378,13.309,13.8,13.8,13.382,25548.08,29.69,82.7,1004.53,9.59,12.8,2.8,14,19850,0.0792,LOW
2020-08-09,00:00:00,16.28,80.84,3.42,10.25,20.43,27.7,36.58,69.89,11.573,12.378,13.445,13.8,13.8,34193.65,27.72,94.3,1000.11,9.15,25.1,5.4,12,9130,0.0877,LOW
2020-08-09,06:00:00,16.34,80.9,4.28,4.7,6.56,18.05,18.05,77.58,10.846,11.573,13.309,13.8,13.8,23653.0,25.51,82.89,1008.31,7.43,19.3,3.1,13,14670,0.0304,LOW
2020-08-09,12:00:00,16.4,80.96,2.69,9.08,13.39,32.8,54.55,162.24,10.565,10.846,12.378,13.8,13.8,37079.81,27.53,85.72,1003.33,8.36,11.9,1.6,13,22100,0.1032,LOW
2020-08-09,18:00:00,16.46,81.02,12.73,23.29,56.17,98.86,192.37,554.82,11.667,10.565,11.573,13.445,13.8,85872.67,27.37,85.72,1007.52,7.85,28.4,6.2,12,7650,0.8833,VERY_HIGH
2020-08-10,00:00:00,16.52,81.08,19.79,60.25,111.27,163.38,253.53,560.59,12.855,11.667,10.846,13.309,13.055,111806.64,25.55,79.48,1007.29,8.81,16.5,2.4,11,17400,0.9829,VERY_HIGH
2020-08-10,06:00:00,16.58,81.14,26.8,47.1,87.65,156.01,300.04,696.11,13.8,12.855,10.565,12.378,13.8,130476.75,30.7,78.18,1007.05,10.98,22.7,4.1,15,10900,0.9898,VERY_HIGH
2020-08-10,12:00:00,16.1,80.65,36.36,61.77,124.67,245.78,411.36,1081.45,13.8,13.8,11.667,11.573,13.8,169098.75,28.8,74.69,1003.35,9.04,18.2,2.1,12,12450,0.99,VERY_HIGH
2020-08-10,18:00:00,16.14,80.71,2.87,10.51,25.65,44.82,98.98,214.25,13.476,13.8,12.855,10.846,13.8,56173.11,29.22,91.62,1004.89,10.73,21.4,3.7,11,8320,0.299,MODERATE
2020-08-11,00:00:00,16.18,80.75,4.68,4.68,14.87,31.67,42.44,126.32,12.591,13.476,13.8,10.565,13.8,38398.26,27.81,85.31,1002.85,8.08,14.7,1.2,10,15620,0.1163,LOW
2020-08-11,06:00:00,16.22,80.8,9.4,17.68,44.67,70.86,127.64,420.87,12.806,12.591,13.8,11.667,13.445,69505.65,27.55,94.29,1010.2,5.12,12.8,2.8,13,19850,0.8595,VERY_HIGH
2020-08-11,12:00:00,16.28,80.84,5.84,13.18,23.53,29.53,58.55,159.24,12.318,12.806,13.476,12.855,13.309,42753.38,28.19,75.49,1007.19,10.45,25.1,5.4,13,9130,0.168,LOW
2020-08-11,18:00:00,16.34,80.9,13.06,26.32,44.62,84.84,170.37,413.02,12.99,12.318,12.591,13.8,12.378,84439.48,23.76,79.01,1006.98,7.64,19.3,3.1,12,14670,0.8853,VERY_HIGH
2020-08-12,00:00:00,16.4,80.96,10.85,31.52,64.15,111.09,224.6,754.0,13.8,12.99,12.806,13.8,11.573,105281.27,23.07,83.24,1003.42,9.22,11.9,1.6,11,22100,0.9885,VERY_HIGH
2020-08-12,06:00:00,16.46,81.02,13.8,34.15,60.44,118.06,190.44,398.29,13.8,13.8,12.318,13.476,10.846,92957.31,23.61,83.91,1005.37,13.17,28.4,6.2,13,7650,0.8935,VERY_HIGH
2020-08-12,12:00:00,16.52,81.08,1.87,2.35,10.88,19.59,22.62,113.08,12.87,13.8,12.99,12.591,10.565,32717.57,25.52,75.36,1000.87,13.98,16.5,2.4,10,17400,0.1204,LOW
2020-08-12,18:00:00,16.58,81.14,38.05,96.97,191.46,353.87,537.22,1908.02,13.8,12.87,13.8,12.806,11.667,215090.54,28.16,79.34,1000.9,13.13,22.7,4.1,15,10900,0.99,VERY_HIGH
2020-08-13,00:00:00,16.1,80.65,13.22,29.99,60.78,93.51,190.91,522.89,13.8,13.8,13.8,12.318,12.855,92151.88,23.65,88.45,1007.84,13.36,18.2,2.1,12,12450,0.9591,VERY_HIGH
2020-08-13,06:00:00,16.14,80.71,1.28,1.28,2.98,2.98,13.44,39.22,12.974,13.8,12.87,12.99,13.8,27594.17,26.53,85.05,1002.3,6.53,21.4,3.7,13,8320,0.0777,LOW
2020-08-13,12:00:00,16.18,80.75,11.48,30.06,45.31,71.12,112.93,275.04,12.349,12.974,13.8,13.8,13.8,62287.76,24.49,80.95,1004.65,14.27,14.7,1.2,11,15620,0.5712,HIGH
2020-08-13,18:00:00,16.22,80.8,5.96,17.29,43.34,69.73,108.08,282.42,12.133,12.349,13.8,13.8,13.476,60983.03,23.24,83.39,996.06,6.66,12.8,2.8,11,19850,0.5019,HIGH
2020-08-14,00:00:00,16.28,80.84,16.09,36.95,67.38,127.63,252.61,530.86,12.669,12.133,12.974,12.87,12.591,109812.39,28.5,90.94,1008.16,12.54,25.1,5.4,10,9130,0.9448,VERY_HIGH
2020-08-14,06:00:00,16.34,80.9,3.86,9.4,10.56,28.46,67.09,185.43,12.137,12.669,12.349,13.8,12.806,43876.06,28.19,81.05,1004.15,8.13,19.3,3.1,9,14670,0.1969,LOW
2020-08-14,12:00:00,16.4,80.96,14.76,44.96,93.04,159.49,278.07,654.43,13.494,12.137,12.133,13.8,12.318,122146.38,23.37,79.11,1005.46,10.21,11.9,1.6,12,22100,0.99,VERY_HIGH
2020-08-14,18:00:00,16.46,81.02,49.21,109.18,238.52,364.37,676.21,2056.58,13.8,13.494,12.669,12.974,12.99,262034.5,26.34,81.3,1003.63,7.42,28.4,6.2,13,7650,0.99,VERY_HIGH
2020-08-15,00:00:00,16.52,81.08,10.43,26.9,57.55,96.74,189.22,642.94,13.8,13.8,12.137,12.349,13.8,88110.44,33.93,78.89,1001.17,9.4,16.5,2.4,11,17400,0.9042,VERY_HIGH
2020-08-15,06:00:00,16.58,81.14,40.77,126.23,244.95,460.28,716.15,2216.78,13.8,13.8,13.494,12.133,13.8,274657.64,29.96,94.36,1000.99,10.62,22.7,4.1,14,10900,0.99,VERY_HIGH
2020-08-15,12:00:00,16.1,80.65,12.84,37.07,65.67,108.78,215.15,629.43,13.8,13.8,13.8,12.669,12.87,99365.99,26.08,80.12,1012.41,8.75,18.2,2.1,15,12450,0.964,VERY_HIGH
2020-08-15,18:00:00,16.14,80.71,11.03,26.92,49.0,95.03,151.33,482.39,13.8,13.8,13.8,12.137,13.8,78936.85,29.49,91.63,1005.16,8.21,21.4,3.7,11,8320,0.8824,VERY_HIGH
2020-08-16,00:00:00,16.18,80.75,11.41,34.75,54.84,71.14,130.67,432.21,13.796,13.8,13.8,13.494,13.8,71918.3,29.45,85.83,1005.68,9.61,14.7,1.2,15,15620,0.7639,VERY_HIGH
2020-08-16,06:00:00,16.22,80.8,3.37,15.43,30.72,58.25,88.63,234.72,13.484,13.796,13.8,13.8,12.974,56378.98,24.17,84.79,1012.41,8.73,12.8,2.8,13,19850,0.4662,MODERATE
2020-08-16,12:00:00,16.28,80.84,5.88,7.8,19.3,33.76,61.22,146.36,12.66,13.484,13.8,13.8,12.349,42429.54,29.34,97.69,1006.78,6.71,25.1,5.4,11,9130,0.1557,LOW
2020-08-16,18:00:00,16.34,80.9,7.45,27.5,44.38,68.17,114.9,323.7,12.78,12.66,13.796,13.8,12.133,64399.99,27.3,85.84,1002.78,8.46,19.3,3.1,14,14670,0.619,HIGH
2020-08-17,00:00:00,16.4,80.96,41.79,74.18,134.1,242.97,337.65,701.82,13.8,12.78,13.484,13.8,12.669,140846.11,25.23,89.79,1000.28,10.25,11.9,1.6,13,22100,0.99,VERY_HIGH
2020-08-17,06:00:00,16.46,81.02,12.59,39.51,80.54,115.73,176.2,434.19,13.8,13.8,12.66,13.8,12.137,84952.09,29.83,90.01,1003.68,8.41,28.4,6.2,14,7650,0.8746,VERY_HIGH
2020-08-17,12:00:00,16.52,81.08,5.72,11.74,22.24,43.59,69.83,209.06,13.431,13.8,12.78,13.796,13.494,48425.56,22.67,87.66,1011.03,2.47,16.5,2.4,14,17400,0.2768,MODERATE
2020-08-17,18:00:00,16.58,81.14,31.89,99.85,193.15,328.43,579.22,1188.92,13.8,13.431,13.8,13.484,13.8,225620.52,27.33,78.12,1006.46,7.85,22.7,4.1,15,10900,0.99,VERY_HIGH
2020-08-18,00:00:00,16.1,80.65,8.88,28.53,62.73,77.88,137.51,374.78,13.505,13.8,13.8,12.66,13.8,69819.11,29.04,84.51,1011.11,8.58,18.2,2.1,14,12450,0.6594,HIGH
2020-08-18,06:00:00,16.14,80.71,4.29,14.01,25.57,47.16,93.27,296.43,13.119,13.505,13.431,12.78,13.8,55951.0,29.72,88.95,1001.17,8.8,21.4,3.7,9,8320,0.5318,HIGH
2020-08-18,12:00:00,16.18,80.75,4.56,10.33,15.3,37.45,59.44,148.85,12.573,13.119,13.8,13.8,13.8,43807.1,27.46,91.27,1003.33,6.56,14.7,1.2,15,15620,0.2109,LOW
2020-08-18,18:00:00,16.22,80.8,21.54,49.07,107.93,176.05,338.93,1170.44,13.8,12.573,13.505,13.8,13.8,144471.73,27.56,87.5,1001.18,8.12,12.8,2.8,11,19850,0.99,VERY_HIGH
2020-08-19,00:00:00,16.28,80.84,18.48,58.93,103.56,162.39,232.93,522.59,13.8,13.8,13.119,13.431,13.796,105587.11,26.34,82.06,1002.43,8.68,25.1,5.4,13,9130,0.9337,VERY_HIGH
2020-08-19,06:00:00,16.34,80.9,27.54,66.03,139.08,257.33,434.49,1302.6,13.8,13.8,12.573,13.8,13.484,176666.15,25.58,74.64,1007.88,4.13,19.3,3.1,8,14670,0.99,VERY_HIGH
2020-08-19,12:00:00,16.4,80.96,3.04,5.87,12.52,19.69,22.18,84.61,13.236,13.8,13.8,13.505,12.66,32321.2,25.89,82.29,998.19,8.73,11.9,1.6,12,22100,0.1847,LOW
2020-08-19,18:00:00,16.46,81.02,15.56,48.49,84.64,128.56,251.66,854.88,13.8,13.236,13.8,13.119,12.78,112365.03,26.79,79.06,1006.98,8.15,28.4,6.2,9,7650,0.988,VERY_HIGH
2020-08-20,00:00:00,16.52,81.08,8.8,28.73,48.94,94.91,148.94,350.31,13.8,13.8,13.8,12.573,13.8,77687.26,27.39,90.25,1004.68,7.37,16.5,2.4,13,17400,0.772,VERY_HIGH
2020-08-20,06:00:00,16.58,81.14,22.23,59.84,85.61,117.98,176.94,652.72,13.8,13.8,13.236,13.8,13.8,87118.91,26.82,77.78,1003.29,10.4,22.7,4.1,12,10900,0.927,VERY_HIGH
2020-08-20,12:00:00,16.1,80.65,10.36,23.62,41.75,73.8,114.03,331.3,13.692,13.8,13.8,13.8,13.431,66608.81,24.47,96.03,1010.62,7.81,18.2,2.1,11,12450,0.7501,VERY_HIGH
2020-08-20,18:00:00,16.14,80.71,17.19,61.42,127.84,209.56,330.3,806.22,13.8,13.692,13.8,13.8,13.8,140905.07,22.85,96.17,1003.15,9.3,21.4,3.7,12,8320,0.99,VERY_HIGH
2020-08-21,00:00:00,16.18,80.75,39.06,103.08,230.66,450.27,697.86,2219.47,13.8,13.8,13.8,13.236,13.505,268775.02,24.94,87.74,1006.89,8.32,14.7,1.2,12,15620,0.99,VERY_HIGH
2020-08-21,06:00:00,16.22,80.8,1.82,1.82,4.19,15.57,15.57,73.48,12.856,13.8,13.692,13.8,13.119,30244.42,28.41,99.0,1003.36,8.19,12.8,2.8,12,19850,0.0827,LOW
2020-08-21,12:00:00,16.28,80.84,9.36,17.53,33.12,60.53,102.42,215.94,12.577,12.856,13.8,13.8,12.573,59235.36,26.59,86.19,1005.22,10.34,25.1,5.4,14,9130,0.5638,HIGH
2020-08-21,18:00:00,16.34,80.9,62.57,126.25,264.13,381.69,573.44,1936.5,13.8,12.577,13.8,13.8,13.8,226076.87,26.33,75.24,1008.06,10.81,19.3,3.1,14,14670,0.99,VERY_HIGH
2020-08-22,00:00:00,16.4,80.96,20.13,51.61,90.79,160.33,278.21,878.88,13.8,13.8,12.856,13.692,13.8,124008.35,26.91,89.21,1001.74,13.34,11.9,1.6,12,22100,0.99,VERY_HIGH
2020-08-22,06:00:00,16.46,81.02,48.8,91.64,157.11,236.24,388.06,1127.78,13.8,13.8,12.577,13.8,13.8,159731.99,26.86,90.62,1013.81,8.29,28.4,6.2,10,7650,0.99,VERY_HIGH
2020-08-22,12:00:00,16.52,81.08,18.44,58.89,139.9,265.13,539.26,1319.39,13.8,13.8,13.8,13.8,13.236,213656.72,24.63,82.53,1007.14,7.17,16.5,2.4,9,17400,0.99,VERY_HIGH
2020-08-22,18:00:00,16.58,81.14,16.44,51.16,86.85,142.7,248.56,854.42,13.8,13.8,13.8,12.856,13.8,111884.05,26.57,86.97,1010.94,7.09,22.7,4.1,10,10900,0.99,VERY_HIGH
2020-08-23,00:00:00,16.1,80.65,8.45,16.01,25.64,45.85,77.63,194.52,13.307,13.8,13.8,12.577,13.8,49718.91,22.98,87.18,1007.29,9.01,18.2,2.1,13,12450,0.3617,MODERATE
2020-08-23,06:00:00,16.14,80.71,4.83,17.86,32.62,49.14,95.96,307.2,13.304,13.307,13.8,13.8,13.8,58778.84,25.51,92.81,1004.28,8.53,21.4,3.7,13,8320,0.4793,MODERATE
2020-08-23,12:00:00,16.18,80.75,15.03,44.37,100.86,173.81,265.02,703.92,13.8,13.304,13.8,13.8,13.692,117322.93,26.9,82.67,1003.35,10.8,14.7,1.2,10,15620,0.99,VERY_HIGH
2020-08-23,18:00:00,16.22,80.8,24.17,69.97,132.57,244.96,495.94,1383.2,13.8,13.8,13.307,13.8,13.8,198791.3,26.79,98.03,1007.44,12.53,12.8,2.8,11,19850,0.99,VERY_HIGH
2020-08-24,00:00:00,16.28,80.84,20.89,66.45,125.83,192.24,268.0,824.03,13.8,13.8,13.304,13.8,13.8,120963.32,24.36,81.93,1006.55,10.1,25.1,5.4,14,9130,0.99,VERY_HIGH
2020-08-24,06:00:00,16.34,80.9,7.23,23.17,40.77,68.9,112.45,289.89,13.544,13.8,13.8,13.8,12.856,64620.66,27.59,80.53,1003.01,8.13,19.3,3.1,15,14670,0.4128,MODERATE
2020-08-24,12:00:00,16.4,80.96,6.96,13.31,27.47,56.94,108.18,376.08,13.47,13.544,13.8,13.307,12.577,61701.13,23.04,85.42,1001.45,8.19,11.9,1.6,13,22100,0.6663,HIGH
2020-08-24,18:00:00,16.46,81.02,5.84,11.71,17.94,27.89,32.22,94.83,12.764,13.47,13.8,13.304,13.8,33910.96,25.32,80.34,1007.85,11.06,28.4,6.2,11,7650,0.0612,LOW
2020-08-25,00:00:00,16.52,81.08,20.15,36.61,72.47,111.3,207.99,631.32,13.574,12.764,13.544,13.8,13.8,95783.45,25.74,96.93,1005.41,6.96,16.5,2.4,11,17400,0.9763,VERY_HIGH
2020-08-25,06:00:00,16.58,81.14,13.28,36.56,68.55,97.73,183.89,509.62,13.8,13.574,13.47,13.8,13.8,93254.34,26.03,80.06,1003.16,6.67,22.7,4.1,13,10900,0.8909,VERY_HIGH
2020-08-25,12:00:00,16.1,80.65,7.31,22.59,43.27,82.78,122.68,380.69,13.8,13.8,12.764,13.8,13.8,65794.19,25.42,84.31,1002.86,9.87,18.2,2.1,10,12450,0.7908,VERY_HIGH
2020-08-25,18:00:00,16.14,80.71,63.89,184.48,316.53,593.78,1052.04,2324.19,13.8,13.8,13.574,13.544,13.8,392253.7,26.99,81.89,1002.97,7.3,21.4,3.7,12,8320,0.99,VERY_HIGH
2020-08-26,00:00:00,16.18,80.75,2.44,6.64,14.6,14.6,34.95,135.15,13.194,13.8,13.8,13.47,13.307,36291.72,30.27,79.14,1010.42,9.18,14.7,1.2,14,15620,0.1385,LOW
2020-08-26,06:00:00,16.22,80.8,5.29,9.96,13.35,25.44,46.5,142.13,12.658,13.194,13.8,12.764,13.304,38655.28,26.09,96.76,1014.35,13.91,12.8,2.8,11,19850,0.1306,LOW
2020-08-26,12:00:00,16.28,80.84,4.73,12.67,23.79,39.32,73.18,166.65,11.85,12.658,13.8,13.574,13.8,45020.88,26.47,84.67,1004.91,11.69,25.1,5.4,14,9130,0.1298,LOW
2020-08-26,18:00:00,16.34,80.9,4.2,11.76,25.56,51.32,89.58,243.8,12.025,11.85,13.194,13.8,13.8,51372.24,35.67,77.77,1006.48,8.57,19.3,3.1,9,14670,0.3532,MODERATE
2020-08-27,00:00:00,16.4,80.96,6.16,12.84,20.23,27.58,52.41,115.35,11.353,12.025,12.658,13.8,13.8,37464.79,29.04,85.08,1005.23,13.19,11.9,1.6,9,22100,0.1454,LOW
2020-08-27,06:00:00,16.46,81.02,3.49,6.3,6.3,6.3,6.3,11.81,10.816,11.353,11.85,13.8,13.544,21025.5,31.28,84.7,1006.2,7.63,28.4,6.2,15,7650,0.0202,LOW
2020-08-27,12:00:00,16.52,81.08,7.12,19.69,39.01,57.27,81.74,243.47,10.646,10.816,12.025,13.194,13.47,47412.44,30.77,88.66,1005.16,9.47,16.5,2.4,11,17400,0.1858,LOW
2020-08-27,18:00:00,16.58,81.14,32.26,73.38,131.03,213.58,349.02,899.71,12.703,10.646,11.353,12.658,12.764,145798.49,25.37,82.0,1005.32,5.07,22.7,4.1,11,10900,0.99,VERY_HIGH
2020-08-28,00:00:00,16.1,80.65,8.88,24.62,35.32,59.56,122.26,260.89,12.513,12.703,10.816,11.85,13.574,64427.78,25.4,84.78,1002.63,10.52,18.2,2.1,13,12450,0.4693,MODERATE
2020-08-28,06:00:00,16.14,80.71,25.35,75.03,119.68,198.15,352.06,1122.21,13.8,12.513,10.646,12.025,13.8,148207.69,27.06,79.72,1002.2,13.83,21.4,3.7,15,8320,0.99,VERY_HIGH
2020-08-28,12:00:00,16.18,80.75,3.99,10.75,21.87,31.95,48.93,136.25,13.172,13.8,12.703,11.353,13.8,39626.39,28.9,92.98,1010.16,7.18,14.7,1.2,12,15620,0.3579,MODERATE
2020-08-28,18:00:00,16.22,80.8,5.83,19.14,28.15,57.45,121.8,371.98,13.032,13.172,12.513,10.816,13.8,64303.68,27.4,75.97,1004.08,9.16,12.8,2.8,13,19850,0.6765,HIGH
2020-08-29,00:00:00,16.28,80.84,2.07,5.41,6.57,16.18,51.76,177.61,12.476,13.032,13.8,10.646,13.194,39617.93,25.88,85.9,1007.37,4.61,25.1,5.4,12,9130,0.257,MODERATE
2020-08-29,06:00:00,16.34,80.9,49.15,127.02,258.16,509.46,849.27,1809.19,13.8,12.476,13.172,12.703,12.658,322213.36,26.56,95.25,1001.98,10.61,19.3,3.1,16,14670,0.99,VERY_HIGH
2020-08-29,12:00:00,16.4,80.96,12.06,32.76,66.2,128.14,237.46,788.4,13.8,13.8,13.032,12.513,11.85,106409.9,24.23,84.75,1009.3,12.81,11.9,1.6,11,22100,0.9852,VERY_HIGH
2020-08-29,18:00:00,16.46,81.02,12.78,39.65,71.33,100.47,160.47,401.19,13.8,13.8,12.476,13.8,12.025,81522.56,25.49,92.61,1007.09,14.14,28.4,6.2,14,7650,0.8592,VERY_HIGH
2020-08-30,00:00:00,16.52,81.08,9.85,22.93,52.51,92.02,143.74,280.98,13.525,13.8,13.8,13.172,11.353,74471.32,24.4,84.6,1010.49,8.95,16.5,2.4,9,17400,0.666,HIGH
2020-08-30,06:00:00,16.58,81.14,23.35,56.21,90.21,145.43,261.91,744.19,13.8,13.525,13.8,13.032,10.816,116598.12,24.95,77.82,1014.47,12.66,22.7,4.1,9,10900,0.9891,VERY_HIGH
2020-08-30,12:00:00,16.1,80.65,9.9,33.14,58.2,90.89,131.39,401.79,13.788,13.8,13.8,12.476,10.646,71203.63,31.43,78.1,1004.19,13.38,18.2,2.1,12,12450,0.8064,VERY_HIGH
2020-08-30,18:00:00,16.14,80.71,5.34,12.59,31.07,53.68,80.14,223.38,13.691,13.788,13.525,13.8,12.703,53636.9,29.03,83.01,1010.25,8.71,21.4,3.7,11,8320,0.5404,HIGH
2020-08-31,00:00:00,16.18,80.75,12.34,35.88,61.68,122.94,192.98,594.59,13.8,13.691,13.8,13.8,12.513,93101.2,27.6,82.15,1004.56,10.91,14.7,1.2,10,15620,0.9733,VERY_HIGH
2020-08-31,06:00:00,16.22,80.8,16.35,43.17,90.52,181.55,335.11,718.71,13.8,13.8,13.788,13.8,13.8,141170.46,24.59,89.3,1003.02,6.26,12.8,2.8,12,19850,0.99,VERY_HIGH
2020-08-31,12:00:00,16.28,80.84,25.81,65.52,112.72,225.54,430.49,1237.55,13.8,13.8,13.691,13.525,13.172,174069.63,25.7,87.44,1007.32,11.29,25.1,5.4,8,9130,0.99,VERY_HIGH
2020-08-31,18:00:00,16.34,80.9,10.88,27.77,44.68,66.87,106.04,229.49,13.279,13.8,13.8,13.8,13.032,60462.31,25.7,81.77,1009.15,9.2,19.3,3.1,9,14670,0.485,MODERATE
2020-09-01,00:00:00,16.4,80.96,30.25,79.35,158.62,263.84,399.17,1163.23,13.8,13.279,13.8,13.788,12.476,165472.87,30.21,95.18,1003.43,10.06,11.9,1.6,10,22100,0.99,VERY_HIGH
2020-09-01,06:00:00,16.46,81.02,3.3,11.64,18.09,39.88,54.45,216.38,13.248,13.8,13.8,13.691,13.8,43190.81,29.2,86.78,1004.25,12.13,28.4,6.2,15,7650,0.2647,MODERATE
2020-09-01,12:00:00,16.52,81.08,1.8,4.13,4.13,15.62,25.36,65.93,12.598,13.248,13.279,13.8,13.8,31070.81,28.45,84.75,1006.82,9.72,16.5,2.4,10,17400,0.0588,LOW
2020-09-01,18:00:00,16.58,81.14,12.66,37.91,62.51,129.13,243.21,467.03,13.107,12.598,13.8,13.8,13.8,108622.95,29.09,81.45,1004.97,9.19,22.7,4.1,14,10900,0.9684,VERY_HIGH
2020-09-02,00:00:00,16.1,80.65,10.6,30.03,62.78,120.18,184.88,535.5,13.564,13.107,13.248,13.8,13.525,88819.26,28.52,85.03,1002.93,9.63,18.2,2.1,10,12450,0.9324,VERY_HIGH
2020-09-02,06:00:00,16.14,80.71,20.94,67.04,142.1,270.61,452.22,1388.7,13.8,13.564,12.598,13.279,13.8,182981.37,26.96,83.12,1014.74,12.62,21.4,3.7,14,8320,0.99,VERY_HIGH
2020-09-02,12:00:00,16.18,80.75,9.78,27.13,48.42,71.05,107.07,342.8,13.8,13.8,13.107,13.8,13.788,62137.28,28.45,83.51,1000.19,9.8,14.7,1.2,12,15620,0.5981,HIGH
2020-09-02,18:00:00,16.22,80.8,8.37,18.95,44.95,61.74,112.27,335.62,13.8,13.8,13.564,13.248,13.691,66561.92,26.3,82.0,1003.54,8.97,12.8,2.8,12,19850,0.5838,HIGH
2020-09-03,00:00:00,16.28,80.84,10.45,29.71,55.12,80.17,135.13,336.27,13.8,13.8,13.8,12.598,13.8,73161.61,25.82,75.09,1011.91,9.59,25.1,5.4,13,9130,0.6434,HIGH
2020-09-03,06:00:00,16.34,80.9,4.45,9.79,24.55,27.65,32.2,105.23,13.104,13.8,13.8,13.107,13.8,36302.93,29.43,88.16,1006.27,8.84,19.3,3.1,11,14670,0.2193,LOW
2020-09-03,12:00:00,16.4,80.96,17.24,36.63,67.78,85.5,141.21,311.74,13.33,13.104,13.8,13.564,13.8,73955.93,22.95,83.4,996.3,8.54,11.9,1.6,12,22100,0.6922,HIGH
2020-09-03,18:00:00,16.46,81.02,27.33,67.98,118.43,185.45,331.24,972.17,13.8,13.33,13.8,13.8,13.279,141926.78,27.22,74.92,1007.62,7.14,28.4,6.2,11,7650,0.99,VERY_HIGH
2020-09-04,00:00:00,16.52,81.08,5.58,7.59,9.34,15.65,30.74,77.88,12.855,13.8,13.104,13.8,13.8,36529.28,26.48,91.41,1008.19,14.92,16.5,2.4,15,17400,0.1532,LOW
2020-09-04,06:00:00,16.58,81.14,19.54,50.61,89.33,128.19,228.81,605.72,13.723,12.855,13.33,13.8,13.248,106326.79,30.65,90.09,1006.39,11.87,22.7,4.1,9,10900,0.9731,VERY_HIGH
2020-09-04,12:00:00,16.1,80.65,11.22,14.77,33.0,65.81,113.61,273.29,13.291,13.723,13.8,13.8,12.598,62853.61,24.59,85.61,1001.7,12.58,18.2,2.1,11,12450,0.4127,MODERATE
2020-09-04,18:00:00,16.14,80.71,8.59,22.27,47.25,94.41,149.58,359.88,13.261,13.291,12.855,13.104,13.107,78955.96,29.07,99.0,1008.44,7.07,21.4,3.7,12,8320,0.7331,HIGH
2020-09-05,00:00:00,16.18,80.75,2.8,7.5,8.51,10.81,16.11,58.9,12.235,13.261,13.723,13.33,13.564,27368.92,24.94,83.05,1004.07,12.9,14.7,1.2,15,15620,0.0722,LOW
2020-09-05,06:00:00,16.22,80.8,15.29,38.84,70.92,127.62,193.51,429.03,12.842,12.235,13.291,13.8,13.8,90773.0,27.81,75.42,1004.74,7.8,12.8,2.8,14,19850,0.9365,VERY_HIGH
2020-09-05,12:00:00,16.28,80.84,11.11,32.31,73.56,90.93,159.65,459.89,13.033,12.842,13.261,12.855,13.8,80018.94,23.59,80.1,1008.13,6.38,25.1,5.4,12,9130,0.8268,VERY_HIGH
2020-09-05,18:00:00,16.34,80.9,36.99,79.01,175.92,291.36,489.66,1058.56,13.8,13.033,12.235,13.723,13.8,197086.62,25.29,97.88,1004.09,12.25,19.3,3.1,9,14670,0.99,VERY_HIGH
2020-09-06,00:00:00,16.4,80.96,2.41,2.41,5.89,30.11,62.12,145.98,12.939,13.8,12.842,13.291,13.8,45262.87,29.19,81.97,1002.54,13.76,11.9,1.6,11,22100,0.2454,LOW
2020-09-06,06:00:00,16.46,81.02,11.8,22.26,36.57,62.88,82.83,192.02,12.674,12.939,13.033,13.261,13.104,51897.11,31.53,86.13,1008.28,10.52,28.4,6.2,10,7650,0.2785,MODERATE
2020-09-06,12:00:00,16.52,81.08,0.68,0.68,2.58,2.58,2.58,12.69,11.618,12.674,13.8,12.235,13.33,21842.44,28.91,87.98,1005.38,11.18,16.5,2.4,11,17400,0.0392,LOW
2020-09-06,18:00:00,16.58,81.14,22.61,50.21,85.63,148.97,217.07,660.9,12.336,11.618,12.939,12.842,13.8,98298.3,27.99,75.04,1002.36,6.26,22.7,4.1,11,10900,0.9524,VERY_HIGH
2020-09-07,00:00:00,16.1,80.65,1.32,1.32,4.66,19.54,61.13,166.02,11.602,12.336,12.674,13.033,12.855,42019.69,29.11,85.92,1000.89,8.55,18.2,2.1,12,12450,0.2155,LOW
2020-09-07,06:00:00,16.14,80.71,20.06,53.24,83.57,121.94,209.0,571.94,12.179,11.602,11.618,13.8,13.723,93927.72,25.86,85.88,1005.14,5.12,21.4,3.7,14,8320,0.9136,VERY_HIGH
2020-09-07,12:00:00,16.18,80.75,0.96,0.97,0.97,3.74,4.87,25.27,11.631,12.179,12.336,12.939,13.291,25510.43,27.62,79.5,1008.64,10.73,14.7,1.2,12,15620,0.0669,LOW
2020-09-07,18:00:00,16.22,80.8,2.86,9.35,14.5,24.9,38.21,146.39,11.253,11.631,11.602,12.674,13.261,34213.79,30.78,77.11,1004.51,13.44,12.8,2.8,12,19850,0.1489,LOW
2020-09-08,00:00:00,16.28,80.84,5.85,15.61,36.34,59.92,88.63,202.46,10.855,11.253,12.179,11.618,12.235,50728.43,25.79,84.85,1010.04,16.31,25.1,5.4,12,9130,0.1053,LOW
2020-09-08,06:00:00,16.34,80.9,6.35,19.04,22.99,42.48,74.91,223.93,10.633,10.855,11.631,12.336,12.842,45340.63,25.7,87.08,1005.24,13.85,19.3,3.1,11,14670,0.2518,MODERATE
2020-09-08,12:00:00,16.4,80.96,17.18,60.4,120.82,189.53,367.72,811.22,12.738,10.633,11.253,11.602,13.033,152487.55,26.59,81.12,1000.27,6.15,11.9,1.6,12,22100,0.99,VERY_HIGH
2020-09-08,18:00:00,16.46,81.02,10.15,34.53,56.13,85.78,136.06,365.83,12.472,12.738,10.855,12.179,13.8,71723.65,27.56,87.03,1001.53,8.56,28.4,6.2,13,7650,0.459,MODERATE
2020-09-09,00:00:00,16.52,81.08,8.25,26.06,48.41,86.33,150.94,355.84,12.767,12.472,10.633,11.631,12.939,76714.39,26.79,89.5,1002.53,6.78,16.5,2.4,11,17400,0.6967,HIGH
2020-09-09,06:00:00,16.58,81.14,2.29,4.94,11.61,24.08,43.33,128.47,12.146,12.767,12.738,11.253,12.674,36578.1,27.51,87.79,1005.8,6.79,22.7,4.1,12,10900,0.0943,LOW
2020-09-09,12:00:00,16.1,80.65,2.8,14.41,24.56,31.34,57.0,132.62,11.896,12.146,12.472,10.855,11.618,41213.69,28.58,93.82,1004.02,11.93,18.2,2.1,11,12450,0.1917,LOW
2020-09-09,18:00:00,16.14,80.71,22.74,45.33,79.6,131.02,239.73,762.08,13.016,11.896,12.767,10.633,12.336,109779.72,27.17,85.75,1001.78,7.24,21.4,3.7,14,8320,0.9759,VERY_HIGH
2020-09-10,00:00:00,16.18,80.75,5.22,19.46,35.72,59.6,118.19,254.19,12.594,13.016,12.146,12.738,11.602,66238.85,28.66,83.27,1008.54,11.07,14.7,1.2,16,15620,0.4673,MODERATE
2020-09-10,06:00:00,16.22,80.8,7.3,17.58,31.14,44.01,104.95,394.97,12.916,12.594,11.896,12.472,12.179,62228.68,27.45,85.89,1003.82,7.66,12.8,2.8,12,19850,0.5107,HIGH
2020-09-10,12:00:00,16.28,80.84,5.33,12.7,21.66,36.56,60.05,155.9,12.199,12.916,13.016,12.767,11.631,41948.17,26.01,94.38,1003.77,7.72,25.1,5.4,11,9130,0.1026,LOW
2020-09-10,18:00:00,16.34,80.9,48.08,110.21,170.18,345.18,578.29,1647.19,13.8,12.199,12.594,12.146,11.253,228001.71,25.83,80.52,1006.96,5.67,19.3,3.1,12,14670,0.99,VERY_HIGH
2020-09-11,00:00:00,16.4,80.96,3.13,9.47,17.03,25.22,43.41,81.86,12.769,13.8,12.916,11.896,10.855,37622.3,28.5,85.17,1007.61,4.15,11.9,1.6,10,22100,0.2618,MODERATE
2020-09-11,06:00:00,16.46,81.02,7.53,17.71,41.08,55.68,109.92,189.53,12.355,12.769,12.199,13.016,10.633,60832.47,25.26,94.37,1007.91,8.63,28.4,6.2,15,7650,0.3526,MODERATE
2020-09-11,12:00:00,16.52,81.08,5.29,13.74,19.8,21.63,43.76,116.36,12.145,12.355,13.8,12.594,12.738,39881.71,25.04,91.87,1009.07,10.01,16.5,2.4,14,17400,0.1504,LOW
2020-09-11,18:00:00,16.58,81.14,24.56,50.47,105.45,179.26,344.58,1154.03,13.8,12.145,12.769,12.916,12.472,144056.56,26.5,73.52,1002.97,11.72,22.7,4.1,12,10900,0.99,VERY_HIGH
2020-09-12,00:00:00,16.1,80.65,0.31,2.66,12.85,17.45,19.95,56.25,12.794,13.8,12.355,12.199,12.767,30976.98,27.16,91.96,1009.82,8.5,18.2,2.1,13,12450,0.0914,LOW
2020-09-12,06:00:00,16.14,80.71,18.37,44.3,75.17,109.61,183.79,457.27,13.389,12.794,12.145,13.8,12.146,87395.47,28.64,85.93,1007.69,11.78,21.4,3.7,11,8320,0.832,VERY_HIGH
2020-09-12,12:00:00,16.18,80.75,8.39,15.31,26.59,40.48,92.34,218.92,13.17,13.389,13.8,12.769,11.896,52547.2,26.0,93.73,1004.39,7.7,14.7,1.2,15,15620,0.4811,MODERATE
2020-09-12,18:00:00,16.22,80.8,6.91,15.84,34.89,66.58,132.56,470.14,13.273,13.17,12.794,12.355,13.016,70936.11,25.01,85.24,1003.26,7.65,12.8,2.8,8,19850,0.5727,HIGH
2020-09-13,00:00:00,16.28,80.84,70.57,169.54,358.78,517.31,942.07,2258.88,13.8,13.273,13.389,12.145,12.594,355613.55,25.93,80.28,1002.2,5.48,25.1,5.4,11,9130,0.99,VERY_HIGH
2020-09-13,06:00:00,16.34,80.9,8.49,21.45,37.26,78.91,147.74,410.3,13.724,13.8,13.17,13.8,12.916,74813.17,32.01,89.56,1004.08,7.21,19.3,3.1,10,14670,0.7744,VERY_HIGH
2020-09-13,12:00:00,16.4,80.96,7.34,21.75,30.61,56.84,94.79,200.0,13.475,13.724,13.273,12.794,12.199,55102.33,27.57,83.04,1013.09,9.81,11.9,1.6,10,22100,0.3858,MODERATE
2020-09-13,18:00:00,16.46,81.02,2.83,6.56,13.43,19.3,34.84,137.39,12.765,13.475,13.8,13.389,13.8,34586.29,28.09,81.7,1001.18,13.66,28.4,6.2,14,7650,0.0597,LOW
2020-09-14,00:00:00,16.52,81.08,44.84,98.88,216.38,337.24,482.31,1599.25,13.8,12.765,13.724,13.17,12.769,195060.27,24.82,93.77,1001.66,9.01,16.5,2.4,13,17400,0.99,VERY_HIGH
2020-09-14,06:00:00,16.58,81.14,6.18,12.88,20.36,36.22,62.75,210.5,13.28,13.8,13.475,13.273,12.355,46739.2,27.57,69.04,1006.04,12.34,22.7,4.1,10,10900,0.2918,MODERATE
2020-09-14,12:00:00,16.1,80.65,3.11,9.9,16.18,38.77,54.02,129.81,12.314,13.28,12.765,13.8,12.145,41681.29,27.49,80.09,1008.69,9.43,18.2,2.1,11,12450,0.1823,LOW
2020-09-14,18:00:00,16.14,80.71,2.51,2.9,12.21,32.1,57.34,114.78,11.355,12.314,13.8,13.724,13.8,37716.02,23.35,94.31,1005.86,7.09,21.4,3.7,11,8320,0.1327,LOW
2020-09-15,00:00:00,16.18,80.75,5.3,14.9,32.13,63.08,94.8,295.71,11.2,11.355,13.28,13.475,12.794,51833.84,30.37,90.34,1009.36,9.81,14.7,1.2,10,15620,0.4176,MODERATE
2020-09-15,06:00:00,16.22,80.8,5.8,17.37,27.32,59.82,82.16,159.46,11.053,11.2,12.314,12.765,13.389,46863.6,24.12,79.55,1006.22,11.3,12.8,2.8,10,19850,0.1773,LOW
2020-09-15,12:00:00,16.28,80.84,12.3,39.84,81.47,147.25,299.75,709.92,12.141,11.053,11.355,13.8,13.17,125621.85,25.31,83.54,1002.28,13.46,25.1,5.4,15,9130,0.984,VERY_HIGH
2020-09-15,18:00:00,16.34,80.9,15.82,37.8,69.73,119.56,223.35,748.04,13.096,12.141,11.2,13.28,13.273,100381.34,25.54,88.1,1010.35,8.75,19.3,3.1,12,14670,0.9622,VERY_HIGH
2020-09-16,00:00:00,16.4,80.96,15.81,36.61,53.06,114.29,182.96,464.94,13.223,13.096,11.053,12.314,13.8,86469.21,28.62,85.18,1007.22,11.53,11.9,1.6,10,22100,0.8594,VERY_HIGH
2020-09-16,06:00:00,16.46,81.02,5.51,13.11,23.83,45.58,61.5,157.86,12.938,13.223,12.141,11.355,13.724,45510.41,26.7,81.05,1004.37,10.43,28.4,6.2,9,7650,0.18,LOW
2020-09-16,12:00:00,16.52,81.08,8.75,25.3,36.45,56.64,94.45,330.52,12.629,12.938,13.096,11.2,13.475,53882.18,25.06,85.35,1009.58,9.63,16.5,2.4,11,17400,0.3898,MODERATE
2020-09-16,18:00:00,16.58,81.14,17.26,39.86,78.01,98.79,151.15,366.28,12.911,12.629,13.223,11.053,12.765,74534.58,25.75,72.34,1009.5,13.31,22.7,4.1,14,10900,0.7287,HIGH
2020-09-17,00:00:00,16.1,80.65,12.16,21.08,42.5,64.42,94.44,215.19,12.715,12.911,12.938,12.141,13.8,55980.44,26.51,86.08,1008.5,8.23,18.2,2.1,12,12450,0.5666,HIGH
2020-09-17,06:00:00,16.14,80.71,15.66,34.35,63.85,110.02,178.33,593.16,13.096,12.715,12.629,13.096,13.28,85679.92,26.67,89.36,1004.08,10.37,21.4,3.7,9,8320,0.9254,VERY_HIGH
2020-09-17,12:00:00,16.18,80.75,17.24,25.17,43.28,77.24,135.77,308.39,13.082,13.096,12.911,13.223,12.314,71198.4,27.01,78.74,1009.02,14.21,14.7,1.2,11,15620,0.5756,HIGH
2020-09-17,18:00:00,16.22,80.8,46.0,86.65,187.64,303.67,451.87,1034.41,13.8,13.082,12.715,12.938,11.355,181565.45,27.28,72.4,1007.29,9.28,12.8,2.8,12,19850,0.99,VERY_HIGH
2020-09-18,00:00:00,16.28,80.84,12.42,21.24,41.14,72.59,119.55,354.82,13.697,13.8,13.096,12.629,11.2,67120.56,29.97,93.96,1007.18,10.0,25.1,5.4,13,9130,0.4757,MODERATE
2020-09-18,06:00:00,16.34,80.9,5.12,15.69,27.94,63.54,139.71,333.21,13.8,13.697,13.082,12.911,11.053,75145.91,23.45,82.98,1010.6,8.13,19.3,3.1,13,14670,0.7717,VERY_HIGH
2020-09-18,12:00:00,16.4,80.96,2.98,3.07,3.07,12.21,27.42,62.75,12.964,13.8,13.8,12.715,12.141,32379.96,29.31,91.77,1009.72,12.89,11.9,1.6,11,22100,0.1532,LOW
2020-09-18,18:00:00,16.46,81.02,67.02,113.5,207.35,408.97,726.94,2494.45,13.8,12.964,13.697,13.096,13.096,280306.3,27.72,76.16,1009.9,8.7,28.4,6.2,16,7650,0.99,VERY_HIGH
2020-09-19,00:00:00,16.52,81.08,2.78,5.31,6.9,6.9,27.09,78.93,12.46,13.8,13.8,13.082,13.223,30904.67,25.45,88.34,1004.45,11.6,16.5,2.4,11,17400,0.1174,LOW
2020-09-19,06:00:00,16.58,81.14,17.6,44.94,83.87,152.97,261.33,788.24,13.638,12.46,12.964,13.8,12.938,116422.88,21.43,77.54,1003.16,9.14,22.7,4.1,12,10900,0.9895,VERY_HIGH
2020-09-19,12:00:00,16.1,80.65,5.21,13.21,26.2,46.68,72.88,155.93,12.953,13.638,13.8,13.697,12.629,48860.71,28.09,85.7,999.53,5.91,18.2,2.1,13,12450,0.239,LOW
2020-09-19,18:00:00,16.14,80.71,11.42,36.13,79.56,116.05,170.45,600.56,13.332,12.953,12.46,13.8,12.911,83815.78,31.42,94.55,1000.37,6.45,21.4,3.7,11,8320,0.7661,VERY_HIGH
2020-09-20,00:00:00,16.18,80.75,26.24,75.81,158.36,225.25,321.34,759.93,13.8,13.332,13.638,12.964,12.715,136661.09,26.01,86.52,1010.59,7.33,14.7,1.2,11,15620,0.99,VERY_HIGH
2020-09-20,06:00:00,16.22,80.8,22.21,45.37,80.62,120.92,193.09,531.78,13.8,13.8,12.953,13.8,13.096,91936.52,27.23,93.35,1007.91,14.26,12.8,2.8,10,19850,0.936,VERY_HIGH
2020-09-20,12:00:00,16.28,80.84,6.77,13.91,27.95,51.63,90.66,181.49,13.382,13.8,13.332,12.46,13.082,58779.11,26.17,83.36,1003.34,13.02,25.1,5.4,13,9130,0.387,MODERATE
2020-09-20,18:00:00,16.34,80.9,10.98,26.91,45.52,80.17,154.25,348.12,13.305,13.382,13.8,13.638,13.8,77729.66,30.11,83.47,1002.73,10.8,19.3,3.1,12,14670,0.7635,VERY_HIGH
2020-09-21,00:00:00,16.4,80.96,9.29,21.0,41.01,68.33,109.2,323.72,12.97,13.305,13.8,12.953,13.697,60328.78,28.81,81.16,1006.07,11.36,11.9,1.6,12,22100,0.3782,MODERATE
2020-09-21,06:00:00,16.46,81.02,85.71,195.55,320.69,522.95,874.91,2198.91,13.8,12.97,13.382,13.332,13.8,331551.19,26.55,85.37,999.43,11.72,28.4,6.2,15,7650,0.99,VERY_HIGH
2020-09-21,12:00:00,16.52,81.08,21.19,59.57,130.44,218.5,404.59,896.88,13.8,13.8,13.305,13.8,12.964,167528.43,28.4,83.95,1002.45,7.27,16.5,2.4,14,17400,0.99,VERY_HIGH
2020-09-21,18:00:00,16.58,81.14,24.87,46.29,77.28,103.55,213.64,656.01,13.8,13.8,12.97,13.8,13.8,99112.31,24.12,90.58,1006.09,13.4,22.7,4.1,16,10900,0.9768,VERY_HIGH
2020-09-22,00:00:00,16.1,80.65,8.61,27.96,48.39,85.75,117.98,410.0,13.54,13.8,13.8,13.382,12.46,66609.44,24.59,88.79,1002.17,9.89,18.2,2.1,13,12450,0.7,HIGH
2020-09-22,06:00:00,16.14,80.71,7.14,16.8,30.49,71.69,115.67,314.71,13.507,13.54,13.8,13.305,13.638,63246.31,27.18,87.64,1010.25,8.81,21.4,3.7,13,8320,0.5496,HIGH
2020-09-22,12:00:00,16.18,80.75,28.68,75.99,171.94,244.02,391.81,1214.36,13.8,13.507,13.8,12.97,12.953,160863.8,26.31,81.87,1006.32,10.97,14.7,1.2,16,15620,0.99,VERY_HIGH
2020-09-22,18:00:00,16.22,80.8,10.53,28.51,58.37,118.88,194.1,531.59,13.8,13.8,13.54,13.8,13.332,92633.75,29.17,84.62,1004.84,15.56,12.8,2.8,12,19850,0.9172,VERY_HIGH
2020-09-23,00:00:00,16.28,80.84,0.81,3.81,5.22,5.22,5.22,5.22,12.459,13.8,13.507,13.8,13.8,22860.18,24.43,89.07,1004.82,9.23,25.1,5.4,11,9130,0.077,LOW
2020-09-23,06:00:00,16.34,80.9,14.64,30.06,63.11,96.26,167.55,524.49,12.996,12.459,13.8,13.8,13.8,82534.28,20.79,91.59,1007.66,13.92,19.3,3.1,8,14670,0.9346,VERY_HIGH
2020-09-23,12:00:00,16.4,80.96,12.76,37.18,72.43,110.98,186.42,624.85,13.8,12.996,13.8,13.54,13.382,87311.7,27.74,84.79,1003.14,9.32,11.9,1.6,11,22100,0.9218,VERY_HIGH
2020-09-23,18:00:00,16.46,81.02,2.36,11.25,12.31,38.66,67.67,147.1,13.218,13.8,12.459,13.507,13.305,47693.79,29.11,73.07,1000.49,13.0,28.4,6.2,13,7650,0.1532,LOW
2020-09-24,00:00:00,16.52,81.08,23.09,60.85,129.41,185.71,319.15,940.13,13.8,13.218,12.996,13.8,12.97,135531.12,25.94,79.84,1008.45,13.31,16.5,2.4,11,17400,0.99,VERY_HIGH
2020-09-24,06:00:00,16.58,81.14,7.72,22.7,50.21,98.58,128.58,349.95,13.574,13.8,13.8,13.8,13.8,69549.0,27.82,81.33,1005.8,12.12,22.7,4.1,15,10900,0.5184,HIGH
2020-09-24,12:00:00,16.1,80.65,1.51,7.37,13.86,19.36,33.58,77.5,12.621,13.574,13.218,12.459,13.8,32819.13,23.29,78.37,1007.2,13.01,18.2,2.1,14,12450,0.1634,LOW
2020-09-24,18:00:00,16.14,80.71,16.01,28.75,61.56,97.67,162.85,398.26,13.206,12.621,13.8,12.996,13.8,82286.09,27.71,85.71,1003.06,12.97,21.4,3.7,11,8320,0.8706,VERY_HIGH
2020-09-25,00:00:00,16.18,80.75,69.24,183.34,352.04,673.21,1111.17,2354.04,13.8,13.206,13.574,13.8,13.54,411890.64,24.34,81.01,1002.54,11.32,14.7,1.2,8,15620,0.99,VERY_HIGH
2020-09-25,06:00:00,16.22,80.8,2.39,2.39,14.82,32.1,50.3,164.25,13.187,13.8,12.621,13.218,13.507,39074.78,28.49,88.31,1002.87,7.94,12.8,2.8,10,19850,0.1939,LOW
2020-09-25,12:00:00,16.28,80.84,4.6,5.65,16.2,36.89,60.25,147.17,12.438,13.187,13.206,13.8,13.8,43716.07,27.68,82.74,1003.01,8.88,25.1,5.4,13,9130,0.0997,LOW
2020-09-25,18:00:00,16.34,80.9,15.43,34.97,59.42,91.01,138.64,458.31,12.81,12.438,13.8,13.574,13.8,69973.19,26.53,86.62,1009.34,8.25,19.3,3.1,15,14670,0.7963,VERY_HIGH
2020-09-26,00:00:00,16.4,80.96,20.3,64.36,97.18,173.7,257.87,546.59,13.8,12.81,13.187,12.621,12.459,115894.6,28.57,87.54,1004.43,10.14,11.9,1.6,10,22100,0.9709,VERY_HIGH
2020-09-26,06:00:00,16.46,81.02,45.18,77.8,151.12,225.28,444.28,1332.42,13.8,13.8,12.438,13.206,12.996,182253.45,24.93,99.0,1003.95,9.54,28.4,6.2,10,7650,0.99,VERY_HIGH
2020-09-26,12:00:00,16.52,81.08,1.83,8.53,14.82,19.16,35.55,80.81,13.125,13.8,12.81,13.8,13.8,37698.13,24.83,86.11,999.86,13.01,16.5,2.4,12,17400,0.1255,LOW
2020-09-26,18:00:00,16.58,81.14,17.3,30.33,50.38,95.45,151.68,407.83,13.627,13.125,13.8,13.187,13.218,77313.06,24.02,83.79,1013.48,11.15,22.7,4.1,16,10900,0.8574,VERY_HIGH
2020-09-27,00:00:00,16.1,80.65,7.66,20.03,37.4,71.47,128.2,282.65,13.575,13.627,13.8,12.438,13.8,68683.72,25.4,82.85,1003.05,11.13,18.2,2.1,6,12450,0.6918,HIGH
2020-09-27,06:00:00,16.14,80.71,17.46,41.54,68.93,138.87,256.43,769.68,13.8,13.575,13.125,12.81,13.574,115979.54,30.47,84.1,1007.38,7.16,21.4,3.7,12,8320,0.9852,VERY_HIGH
2020-09-27,12:00:00,16.18,80.75,1.02,6.54,16.03,24.62,41.35,118.02,12.868,13.8,13.627,13.8,12.621,39920.53,31.43,90.65,997.71,9.69,14.7,1.2,13,15620,0.0925,LOW
2020-09-27,18:00:00,16.22,80.8,9.59,22.42,36.95,73.52,122.43,439.55,13.341,12.868,13.575,13.8,13.206,68774.2,24.71,78.49,1001.83,10.33,12.8,2.8,12,19850,0.5381,HIGH
2020-09-28,00:00:00,16.28,80.84,16.93,34.2,74.27,110.86,225.36,549.56,13.8,13.341,13.8,13.125,13.8,103062.63,28.21,84.17,1006.24,6.64,25.1,5.4,10,9130,0.9503,VERY_HIGH
2020-09-28,06:00:00,16.34,80.9,3.63,13.84,24.5,37.29,62.48,130.21,12.906,13.8,12.868,13.627,13.187,46543.83,30.19,83.93,1006.05,9.25,19.3,3.1,12,14670,0.2515,MODERATE
2020-09-28,12:00:00,16.4,80.96,8.51,10.51,13.23,23.38,45.68,79.47,12.202,12.906,13.341,13.575,12.438,34946.81,26.13,80.09,1007.15,9.63,11.9,1.6,10,22100,0.1203,LOW
2020-09-28,18:00:00,16.46,81.02,4.9,15.72,26.33,38.79,67.11,184.44,11.853,12.202,13.8,13.8,12.81,43561.9,24.62,82.32,1009.84,11.16,28.4,6.2,12,7650,0.1267,LOW
2020-09-29,00:00:00,16.52,81.08,7.8,18.06,34.53,69.2,125.68,291.96,12.103,11.853,12.906,12.868,13.8,66122.23,27.47,90.77,1001.26,12.6,16.5,2.4,12,17400,0.4602,MODERATE
2020-09-29,06:00:00,16.58,81.14,14.65,46.41,75.11,102.31,202.9,579.86,12.944,12.103,12.202,13.341,13.8,95332.86,24.73,85.0,998.47,9.03,22.7,4.1,13,10900,0.9284,VERY_HIGH
2020-09-29,12:00:00,16.1,80.65,3.95,7.45,15.36,40.29,72.3,169.58,12.633,12.944,11.853,13.8,13.125,48651.56,23.33,87.02,998.83,12.56,18.2,2.1,12,12450,0.2248,LOW
2020-09-29,18:00:00,16.14,80.71,4.96,9.39,29.93,46.39,91.19,193.38,12.215,12.633,12.103,12.906,13.627,54058.48,26.81,91.51,1003.76,12.76,21.4,3.7,12,8320,0.4585,MODERATE
2020-09-30,00:00:00,16.18,80.75,7.92,16.2,28.13,47.75,51.88,158.17,11.765,12.215,12.944,12.202,13.575,40348.58,23.28,85.35,1008.14,6.85,14.7,1.2,9,15620,0.164,LOW
2020-09-30,06:00:00,16.22,80.8,12.14,31.41,57.86,92.21,186.19,378.1,12.136,11.765,12.633,11.853,13.8,88540.04,27.99,99.0,1009.76,10.65,12.8,2.8,11,19850,0.8469,VERY_HIGH
2020-09-30,12:00:00,16.28,80.84,4.81,12.55,25.04,52.92,100.1,247.69,11.809,12.136,12.215,12.103,12.868,56870.69,30.73,83.26,1007.0,9.19,25.1,5.4,13,9130,0.3683,MODERATE
2020-09-30,18:00:00,16.34,80.9,4.79,9.54,19.08,36.72,68.35,173.57,11.713,11.809,11.765,12.944,13.341,45736.49,29.55,91.19,1003.59,8.35,19.3,3.1,12,14670,0.1473,LOW
2020-10-01,00:00:00,16.4,80.96,3.24,9.22,25.24,63.89,115.33,367.35,11.628,11.713,12.136,12.633,13.8,60912.61,25.07,77.64,1006.21,3.63,11.9,1.6,7,22100,0.5783,HIGH
2020-10-01,06:00:00,16.46,81.02,2.78,5.65,15.83,15.83,26.78,26.78,10.792,11.628,11.809,12.215,12.906,28929.17,23.47,75.17,1008.05,5.77,28.4,6.2,5,7650,0.0395,LOW
2020-10-01,12:00:00,16.52,81.08,13.18,33.96,77.06,113.47,190.1,531.81,11.176,10.792,11.713,11.765,12.202,88757.32,29.15,91.57,999.22,9.93,16.5,2.4,5,17400,0.8674,VERY_HIGH
2020-10-01,18:00:00,16.58,81.14,21.61,54.71,103.98,189.21,309.48,873.89,12.845,11.176,11.628,12.136,11.853,129648.05,29.2,75.28,1005.06,8.12,22.7,4.1,8,10900,0.99,VERY_HIGH
2020-10-02,00:00:00,16.1,80.65,2.02,4.09,14.93,20.55,47.76,119.79,12.226,12.845,10.792,11.809,12.103,39036.05,25.26,76.93,1002.08,6.86,18.2,2.1,5,12450,0.1523,LOW
2020-10-02,06:00:00,16.14,80.71,0.82,5.27,5.6,15.92,20.75,48.3,10.991,12.226,11.176,11.713,12.944,27883.76,29.84,84.52,1006.26,7.07,21.4,3.7,6,8320,0.0753,LOW
2020-10-02,12:00:00,16.18,80.75,2.66,6.02,11.16,19.38,23.41,71.19,10.298,10.991,12.845,11.628,12.633,28781.76,25.53,67.94,1006.84,6.4,14.7,1.2,5,15620,0.0486,LOW
2020-10-02,18:00:00,16.22,80.8,2.27,4.9,4.9,13.37,18.04,43.14,9.758,10.298,12.226,10.792,12.215,25484.31,25.66,72.99,1010.25,9.37,12.8,2.8,4,19850,0.027,LOW
2020-10-03,00:00:00,16.28,80.84,0.71,0.71,0.71,0.71,0.71,0.71,8.847,9.758,10.991,11.176,11.765,16253.03,27.75,83.99,1002.81,5.28,25.1,5.4,11,9130,0.01,LOW
2020-10-03,06:00:00,16.34,80.9,4.83,10.86,21.43,36.47,64.37,106.4,8.427,8.847,10.298,12.845,12.136,36712.09,32.07,79.78,1001.37,6.23,19.3,3.1,8,14670,0.0406,LOW
2020-10-03,12:00:00,16.4,80.96,5.42,16.11,26.56,57.25,110.82,359.9,9.194,8.427,9.758,12.226,11.809,55174.57,24.89,76.96,1007.86,7.3,11.9,1.6,5,22100,0.1732,LOW
2020-10-03,18:00:00,16.46,81.02,5.52,9.87,15.67,22.56,37.63,122.97,8.535,9.194,8.847,10.991,11.713,30779.32,27.8,74.25,1003.97,8.45,28.4,6.2,8,7650,0.0406,LOW
2020-10-04,00:00:00,16.52,81.08,3.25,6.45,18.93,39.98,76.53,180.26,8.234,8.535,8.427,10.298,11.628,40196.93,25.52,79.85,1004.99,4.55,16.5,2.4,5,17400,0.059,LOW
2020-10-04,06:00:00,16.58,81.14,2.92,7.39,8.92,19.83,47.09,148.84,7.815,8.234,9.194,9.758,10.792,31744.93,27.39,75.51,1011.08,9.27,22.7,4.1,6,10900,0.027,LOW
2020-10-04,12:00:00,16.1,80.65,6.38,10.82,15.27,31.41,74.7,146.88,8.078,7.815,8.535,8.847,11.176,40371.91,28.03,71.9,1010.14,11.47,18.2,2.1,7,12450,0.0647,LOW
2020-10-04,18:00:00,16.14,80.71,5.36,20.94,39.39,70.1,107.15,310.49,8.326,8.078,8.234,8.427,12.845,52524.9,27.1,70.63,1006.3,10.79,21.4,3.7,4,8320,0.1607,LOW
2020-10-05,00:00:00,16.18,80.75,5.18,7.17,11.58,14.39,34.51,88.78,8.103,8.326,7.815,9.194,12.226,24963.18,24.21,70.79,1005.98,6.06,14.7,1.2,9,15620,0.0264,LOW
2020-10-05,06:00:00,16.22,80.8,1.51,4.32,9.41,9.41,29.68,49.17,7.554,8.103,8.078,8.535,10.991,24455.71,28.23,81.12,1013.45,9.95,12.8,2.8,5,19850,0.0205,LOW
2020-10-05,12:00:00,16.28,80.84,2.24,8.5,14.44,26.77,52.03,129.16,7.592,7.554,8.326,8.234,10.298,32811.56,27.14,75.92,1004.41,6.68,25.1,5.4,7,9130,0.0205,LOW
2020-10-05,18:00:00,16.34,80.9,3.76,7.86,24.22,55.77,110.86,232.9,7.555,7.592,8.103,7.815,9.758,52254.03,23.97,74.44,1003.22,12.81,19.3,3.1,10,14670,0.0624,LOW
2020-10-06,00:00:00,16.4,80.96,4.3,12.59,30.99,56.77,95.63,278.99,8.214,7.555,7.554,8.078,8.847,50054.77,29.77,73.47,1003.78,6.68,11.9,1.6,9,22100,0.1352,LOW
2020-10-06,06:00:00,16.46,81.02,1.62,6.55,17.39,23.36,36.22,77.05,7.843,8.214,7.592,8.326,8.427,26644.53,29.88,82.63,1005.75,2.74,28.4,6.2,6,7650,0.011,LOW
2020-10-06,12:00:00,16.52,81.08,9.35,24.85,51.18,97.72,165.75,418.08,8.361,7.843,7.555,8.103,9.194,71438.46,29.02,76.28,1004.77,9.89,16.5,2.4,10,17400,0.4439,MODERATE
2020-10-06,18:00:00,16.58,81.14,10.31,28.17,39.34,83.26,145.83,442.69,8.78,8.361,8.214,7.554,8.535,68305.77,26.66,66.94,1008.63,4.26,22.7,4.1,8,10900,0.4883,MODERATE
2020-10-07,00:00:00,16.1,80.65,3.86,8.12,13.89,17.83,39.69,126.37,8.293,8.78,7.843,7.592,8.234,28508.56,30.55,76.51,1004.26,8.16,18.2,2.1,9,12450,0.0209,LOW
2020-10-07,06:00:00,16.14,80.71,0.74,4.09,6.5,11.29,11.29,33.09,7.936,8.293,8.361,7.555,7.815,17395.43,22.83,83.31,1007.34,5.21,21.4,3.7,5,8320,0.0123,LOW
2020-10-07,12:00:00,16.18,80.75,6.92,16.19,32.31,54.49,97.39,315.07,8.55,7.936,8.78,8.214,8.078,49511.6,26.46,70.53,1010.41,4.64,14.7,1.2,4,15620,0.129,LOW
2020-10-07,18:00:00,16.22,80.8,0.61,2.67,2.67,2.67,2.67,2.67,8.192,8.55,8.293,7.843,8.326,14575.98,27.16,66.0,1005.52,7.77,12.8,2.8,7,19850,0.0143,LOW
2020-10-08,00:00:00,16.28,80.84,0.76,0.85,2.89,2.89,2.89,24.73,7.474,8.192,7.936,8.361,8.103,13972.0,24.48,73.76,1009.04,10.24,25.1,5.4,8,9130,0.01,LOW
2020-10-08,06:00:00,16.34,80.9,8.65,16.69,26.17,47.3,64.13,177.22,7.542,7.474,8.55,8.78,7.554,35323.45,29.31,74.79,1006.98,6.35,19.3,3.1,7,14670,0.0538,LOW
2020-10-08,12:00:00,16.4,80.96,2.94,6.64,7.65,7.65,7.65,57.8,6.807,7.542,8.192,8.293,7.592,12529.02,29.65,73.58,1004.19,8.55,11.9,1.6,7,22100,0.01,LOW
2020-10-08,18:00:00,16.46,81.02,3.27,12.18,17.29,32.32,70.34,157.88,6.417,6.807,7.474,7.936,7.555,35513.02,27.57,74.76,1005.58,8.26,28.4,6.2,6,7650,0.0106,LOW
2020-10-09,00:00:00,16.52,81.08,1.0,1.0,8.09,18.59,33.99,60.2,6.565,6.417,7.542,8.55,8.214,24089.7,28.32,72.11,1007.84,8.71,16.5,2.4,4,17400,0.01,LOW
2020-10-09,06:00:00,16.58,81.14,2.26,4.48,8.64,22.75,22.75,78.55,6.152,6.565,6.807,8.192,7.843,20553.74,30.79,71.76,1004.01,5.49,22.7,4.1,6,10900,0.01,LOW
2020-10-09,12:00:00,16.1,80.65,6.79,19.47,39.67,74.57,128.11,320.06,6.443,6.152,6.417,7.474,8.361,55699.45,30.42,77.73,1014.04,9.57,18.2,2.1,5,12450,0.1282,LOW
2020-10-09,18:00:00,16.14,80.71,2.02,4.22,7.27,7.27,22.86,22.86,5.911,6.443,6.565,7.542,8.78,19134.97,31.14,77.89,1009.26,4.3,21.4,3.7,8,8320,0.01,LOW
2020-10-10,00:00:00,16.18,80.75,14.13,26.13,39.47,89.48,188.81,377.01,6.69,5.911,6.152,6.807,8.293,77308.96,29.54,76.11,1004.47,5.53,14.7,1.2,4,15620,0.3138,MODERATE
2020-10-10,06:00:00,16.22,80.8,0.88,0.88,0.88,6.26,6.26,6.26,6.051,6.69,6.443,6.417,7.936,12916.33,25.26,73.49,1006.07,8.34,12.8,2.8,3,19850,0.01,LOW
2020-10-10,12:00:00,16.28,80.84,4.84,12.57,24.28,33.29,35.31,91.42,5.426,6.051,5.911,6.565,8.55,23661.05,23.32,73.82,1010.75,6.94,25.1,5.4,9,9130,0.01,LOW
2020-10-10,18:00:00,16.34,80.9,0.25,0.25,0.25,0.25,0.25,10.08,4.923,5.426,6.69,6.152,8.192,8928.66,29.05,79.36,1007.47,10.84,19.3,3.1,5,14670,0.01,LOW
2020-10-11,00:00:00,16.4,80.96,9.29,21.73,33.48,36.14,69.88,178.72,5.158,4.923,6.051,6.443,7.474,34983.5,27.55,79.08,1006.72,12.45,11.9,1.6,4,22100,0.031,LOW
2020-10-11,06:00:00,16.46,81.02,2.52,9.57,13.68,37.98,51.71,193.6,5.334,5.158,5.426,5.911,7.542,26358.52,24.23,75.05,1003.81,5.95,28.4,6.2,7,7650,0.0124,LOW
2020-10-11,12:00:00,16.52,81.08,0.99,1.81,1.81,1.81,2.58,2.58,4.59,5.334,4.923,6.69,6.807,10512.03,25.3,76.5,1001.31,8.41,16.5,2.4,5,17400,0.01,LOW
2020-10-11,18:00:00,16.58,81.14,5.34,10.83,14.8,47.36,90.09,201.8,4.866,4.59,5.158,6.051,6.417,41972.15,26.37,73.95,1006.32,8.62,22.7,4.1,8,10900,0.0292,LOW
2020-10-12,00:00:00,16.1,80.65,4.53,4.53,14.1,21.13,30.88,106.11,4.983,4.866,5.334,5.426,6.565,18692.25,24.58,78.7,1007.07,7.29,18.2,2.1,10,12450,0.01,LOW
2020-10-12,06:00:00,16.14,80.71,1.37,1.37,7.18,9.75,13.84,52.12,4.611,4.983,4.59,4.923,6.152,14186.69,29.79,89.35,1005.24,13.42,21.4,3.7,5,8320,0.01,LOW
2020-10-12,12:00:00,16.18,80.75,8.1,16.56,33.95,57.61,87.85,236.92,5.048,4.611,4.866,5.158,6.443,40469.0,25.29,73.81,1007.2,11.49,14.7,1.2,7,15620,0.034,LOW
2020-10-12,18:00:00,16.22,80.8,2.85,7.07,20.47,47.9,66.58,208.58,5.08,5.048,4.983,5.334,5.911,33047.4,27.66,79.64,1002.19,3.08,12.8,2.8,9,19850,0.0261,LOW
2020-10-13,00:00:00,16.28,80.84,1.96,4.69,15.16,25.89,60.43,152.5,5.037,5.08,4.611,4.59,6.69,30572.03,31.83,85.91,1010.02,9.52,25.1,5.4,8,9130,0.01,LOW
2020-10-13,06:00:00,16.34,80.9,4.45,7.88,13.95,51.74,75.38,261.96,5.573,5.037,5.048,4.866,6.051,36413.82,24.16,67.89,1000.71,11.48,19.3,3.1,6,14670,0.0213,LOW
2020-10-13,12:00:00,16.4,80.96,9.27,17.8,29.76,44.47,52.78,185.97,5.91,5.573,5.08,4.983,5.426,28151.25,28.72,73.28,1009.1,5.96,11.9,1.6,6,22100,0.0255,LOW
2020-10-13,18:00:00,16.46,81.02,0.91,7.64,13.03,26.4,44.27,85.95,5.776,5.91,5.037,4.611,4.923,23491.57,24.42,82.5,1002.65,6.94,28.4,6.2,12,7650,0.0114,LOW
2020-10-14,00:00:00,16.52,81.08,3.33,3.33,13.51,13.51,32.3,95.37,5.408,5.776,5.573,5.048,5.158,20299.62,24.27,76.32,1001.22,0.93,16.5,2.4,7,17400,0.0114,LOW
2020-10-14,06:00:00,16.58,81.14,3.27,8.89,8.89,15.33,17.27,48.7,5.226,5.408,5.91,5.08,5.334,15884.65,29.42,79.31,1005.77,9.63,22.7,4.1,2,10900,0.01,LOW
2020-10-14,12:00:00,16.1,80.65,3.06,11.57,21.51,48.49,98.36,228.56,5.733,5.226,5.776,5.037,4.59,44492.62,25.67,65.22,1003.41,9.82,18.2,2.1,9,12450,0.0662,LOW
2020-10-14,18:00:00,16.14,80.71,3.46,10.66,24.03,27.88,57.22,144.46,6.06,5.733,5.408,5.573,4.866,31777.93,27.48,65.34,1010.6,9.93,21.4,3.7,5,8320,0.0144,LOW
2020-10-15,00:00:00,16.18,80.75,1.93,6.1,8.67,18.43,18.43,53.25,5.532,6.06,5.226,5.91,4.983,14193.92,31.4,75.37,1009.59,9.85,14.7,1.2,5,15620,0.01,LOW
2020-10-15,06:00:00,16.22,80.8,0.3,0.3,0.3,0.3,0.3,0.3,4.996,5.532,5.733,5.776,4.611,9306.64,30.01,84.98,1012.78,9.03,12.8,2.8,6,19850,0.01,LOW
2020-10-15,12:00:00,16.28,80.84,12.04,32.7,74.49,124.2,217.75,581.9,6.226,4.996,6.06,5.408,5.048,87430.25,31.23,81.73,1002.32,9.66,25.1,5.4,4,9130,0.5339,HIGH
2020-10-15,18:00:00,16.34,80.9,1.2,5.34,14.07,22.39,39.78,67.86,6.371,6.226,5.532,5.226,5.08,26566.87,26.36,75.28,1006.57,5.61,19.3,3.1,8,14670,0.0281,LOW
2020-10-16,00:00:00,16.4,80.96,5.78,12.1,18.43,29.12,66.39,150.05,6.7,6.371,4.996,5.733,5.037,38490.65,27.16,74.6,1004.83,9.77,11.9,1.6,3,22100,0.0289,LOW
2020-10-16,06:00:00,16.46,81.02,4.91,11.75,34.12,54.28,74.67,250.98,6.982,6.7,6.226,6.06,5.573,39484.33,29.35,75.12,1009.25,13.15,28.4,6.2,10,7650,0.0582,LOW
2020-10-16,12:00:00,16.52,81.08,9.88,19.69,48.01,82.49,121.54,285.76,7.287,6.982,6.371,5.532,5.91,58001.09,29.72,80.97,1004.89,5.4,16.5,2.4,11,17400,0.1638,LOW
2020-10-16,18:00:00,16.58,81.14,25.91,49.13,89.17,133.56,236.5,719.09,8.634,7.287,6.7,4.996,5.776,96063.58,25.02,82.27,1008.29,9.95,22.7,4.1,8,10900,0.8322,VERY_HIGH
2020-10-17,00:00:00,16.1,80.65,14.2,34.47,61.53,97.96,179.56,386.92,9.475,8.634,6.982,6.226,5.408,78518.38,25.67,69.83,1009.06,4.8,18.2,2.1,7,12450,0.62,HIGH
2020-10-17,06:00:00,16.14,80.71,3.82,7.25,12.51,12.51,12.51,39.08,8.74,9.475,7.287,6.371,5.226,20110.63,29.6,77.84,1009.52,11.03,21.4,3.7,9,8320,0.01,LOW
2020-10-17,12:00:00,16.18,80.75,2.58,2.83,3.32,11.29,13.56,13.56,8.373,8.74,8.634,6.7,5.733,19739.65,26.75,80.63,1002.18,8.15,14.7,1.2,7,15620,0.0185,LOW
2020-10-17,18:00:00,16.22,80.8,7.23,21.12,37.81,62.88,90.72,170.26,8.47,8.373,9.475,6.982,6.06,46808.64,25.1,81.79,1008.27,6.27,12.8,2.8,5,19850,0.0698,LOW
2020-10-18,00:00:00,16.28,80.84,4.43,12.93,27.81,58.75,120.94,408.0,8.532,8.47,8.74,7.287,5.532,57651.15,23.5,65.94,1005.6,8.1,25.1,5.4,7,9130,0.2601,MODERATE
2020-10-18,06:00:00,16.34,80.9,3.92,10.59,13.35,31.56,74.87,208.76,8.254,8.532,8.373,8.634,4.996,41185.34,25.98,68.62,1002.64,9.09,19.3,3.1,6,14670,0.1352,LOW
2020-10-18,12:00:00,16.4,80.96,0.98,3.49,3.49,3.74,16.11,28.02,7.382,8.254,8.47,9.475,6.226,19359.13,25.82,79.61,1003.91,7.19,11.9,1.6,5,22100,0.0124,LOW
2020-10-18,18:00:00,16.46,81.02,2.73,5.22,5.22,6.72,16.37,16.37,6.895,7.382,8.532,8.74,6.371,18263.44,27.47,74.85,1006.77,6.98,28.4,6.2,7,7650,0.01,LOW
2020-10-19,00:00:00,16.52,81.08,4.35,10.11,23.31,34.29,58.71,188.28,7.047,6.895,8.254,8.373,6.7,35013.84,26.48,80.86,1003.48,6.47,16.5,2.4,1,17400,0.0362,LOW
2020-10-19,06:00:00,16.58,81.14,2.45,2.45,9.24,9.24,21.64,95.16,6.689,7.047,7.382,8.47,6.982,21021.93,27.91,84.79,1002.51,6.26,22.7,4.1,5,10900,0.0122,LOW
2020-10-19,12:00:00,16.1,80.65,11.63,17.68,28.05,52.95,61.17,172.55,6.839,6.689,6.895,8.532,7.287,33441.68,28.14,89.74,1007.36,3.09,18.2,2.1,8,12450,0.034,LOW
2020-10-19,18:00:00,16.14,80.71,0.07,0.07,1.64,1.64,1.64,47.49,6.141,6.839,7.047,8.254,8.634,10271.83,27.59,69.08,1001.4,10.55,21.4,3.7,9,8320,0.01,LOW
2020-10-20,00:00:00,16.18,80.75,2.04,7.02,10.65,26.64,48.54,155.06,5.803,6.141,6.689,7.382,9.475,27328.0,27.25,84.13,1009.78,9.43,14.7,1.2,7,15620,0.0158,LOW
2020-10-20,06:00:00,16.22,80.8,1.94,4.78,5.93,5.93,14.87,51.12,5.492,5.803,6.839,6.895,8.74,15468.98,27.35,77.02,1009.31,2.78,12.8,2.8,5,19850,0.011,LOW
2020-10-20,12:00:00,16.28,80.84,0.75,0.75,0.75,1.39,1.39,32.88,5.021,5.492,6.141,7.047,8.373,11890.52,33.47,74.39,1000.92,8.34,25.1,5.4,9,9130,0.01,LOW
2020-10-20,18:00:00,16.34,80.9,1.59,3.74,8.61,8.61,9.14,24.29,4.408,5.021,5.803,6.689,8.47,8709.88,28.22,77.75,1003.63,5.57,19.3,3.1,9,14670,0.01,LOW
2020-10-21,00:00:00,16.4,80.96,5.55,22.8,31.61,55.72,99.98,311.01,4.989,4.408,5.492,6.839,8.532,43841.61,30.11,72.3,1008.13,4.87,11.9,1.6,8,22100,0.049,LOW
2020-10-21,06:00:00,16.46,81.02,0.92,1.37,1.37,1.37,10.82,30.46,4.805,4.989,5.021,6.141,8.254,13824.68,23.79,74.38,1007.46,8.8,28.4,6.2,8,7650,0.01,LOW
2020-10-21,12:00:00,16.52,81.08,10.47,21.51,34.81,49.55,87.01,226.5,5.241,4.805,4.408,5.803,7.382,37683.81,26.47,83.71,1006.65,11.87,16.5,2.4,7,17400,0.0341,LOW
2020-10-21,18:00:00,16.58,81.14,7.33,19.3,39.59,83.6,158.71,449.37,6.307,5.241,4.989,5.492,6.895,68258.36,24.75,71.08,1013.74,9.63,22.7,4.1,3,10900,0.1834,LOW
2020-10-22,00:00:00,16.1,80.65,2.81,3.51,3.51,8.2,9.19,52.59,6.064,6.307,4.805,5.021,7.047,12421.83,26.6,81.13,1010.31,5.16,18.2,2.1,11,12450,0.01,LOW
2020-10-22,06:00:00,16.14,80.71,7.49,21.47,41.35,92.45,118.33,254.12,6.646,6.064,5.241,4.408,6.689,52332.78,28.57,71.17,1001.54,6.75,21.4,3.7,8,8320,0.0787,LOW
2020-10-22,12:00:00,16.18,80.75,1.61,1.61,2.46,17.12,17.12,84.82,6.105,6.646,6.307,4.989,6.839,17413.72,33.9,85.14,1010.19,4.77,14.7,1.2,8,15620,0.01,LOW
2020-10-22,18:00:00,16.22,80.8,0.09,5.59,18.74,26.47,59.7,223.74,6.098,6.105,6.064,4.805,6.141,30444.0,28.46,79.72,1015.21,6.85,12.8,2.8,6,19850,0.0311,LOW
2020-10-23,00:00:00,16.28,80.84,6.06,15.18,27.42,44.87,75.45,164.74,6.024,6.098,6.646,5.241,5.803,37764.87,28.07,85.59,1002.39,8.89,25.1,5.4,5,9130,0.0264,LOW
2020-10-23,06:00:00,16.34,80.9,1.07,6.95,12.48,15.71,32.79,99.88,5.533,6.024,6.105,6.307,5.492,23422.03,27.06,70.21,1007.23,9.05,19.3,3.1,7,14670,0.0176,LOW
2020-10-23,12:00:00,16.4,80.96,2.44,7.5,18.75,38.13,57.05,144.46,5.533,5.533,6.098,6.064,5.021,31050.02,28.82,87.87,1002.83,10.89,11.9,1.6,11,22100,0.0192,LOW
2020-10-23,18:00:00,16.46,81.02,3.38,9.88,18.82,38.95,56.38,130.64,5.472,5.533,6.024,6.646,4.408,28060.82,24.69,79.98,1009.1,8.44,28.4,6.2,8,7650,0.01,LOW
2020-10-24,00:00:00,16.52,81.08,1.18,2.58,15.72,36.44,85.08,262.04,5.948,5.472,5.533,6.105,4.989,39875.98,26.14,73.38,1009.0,8.45,16.5,2.4,7,17400,0.0732,LOW
2020-10-24,06:00:00,16.58,81.14,5.48,18.66,48.15,87.73,142.38,414.12,6.458,5.948,5.533,6.098,4.805,60666.41,27.64,77.7,1012.52,9.4,22.7,4.1,9,10900,0.1809,LOW
2020-10-24,12:00:00,16.1,80.65,0.39,0.39,3.62,6.7,14.17,56.9,5.993,6.458,5.472,6.024,5.241,14091.77,28.86,76.72,1012.9,10.23,18.2,2.1,8,12450,0.01,LOW
2020-10-24,18:00:00,16.14,80.71,5.07,5.52,5.52,5.52,18.03,43.97,5.48,5.993,5.948,5.533,6.307,16122.48,22.32,82.31,1003.23,3.78,21.4,3.7,4,8320,0.01,LOW
2020-10-25,00:00:00,16.18,80.75,0.48,2.17,7.0,7.0,10.7,12.75,4.83,5.48,6.458,5.533,6.064,12090.39,26.98,75.2,1005.58,4.8,14.7,1.2,6,15620,0.01,LOW
2020-10-25,06:00:00,16.22,80.8,2.68,2.69,2.69,2.69,10.7,29.45,4.786,4.83,5.993,5.472,6.646,11327.48,24.64,81.67,1014.19,6.44,12.8,2.8,10,19850,0.01,LOW
2020-10-25,12:00:00,16.28,80.84,2.65,11.09,16.65,25.35,35.07,154.52,4.968,4.786,5.48,5.948,6.105,20633.87,29.14,72.16,1009.89,7.29,25.1,5.4,5,9130,0.01,LOW
2020-10-25,18:00:00,16.34,80.9,1.31,9.04,21.0,40.5,52.96,169.08,4.908,4.968,4.83,6.458,6.098,27227.28,25.58,78.37,1008.66,6.67,19.3,3.1,7,14670,0.0169,LOW
2020-10-26,00:00:00,16.4,80.96,5.09,12.51,20.95,38.69,78.41,169.77,5.062,4.908,4.786,5.993,6.024,37623.03,28.63,75.43,1005.36,10.81,11.9,1.6,8,22100,0.0377,LOW
2020-10-26,06:00:00,16.46,81.02,0.63,7.03,15.88,22.37,28.51,49.27,4.9,5.062,4.968,5.48,5.533,20031.95,26.38,69.84,1009.7,4.87,28.4,6.2,5,7650,0.01,LOW
2020-10-26,12:00:00,16.52,81.08,4.58,4.58,7.38,7.38,7.38,53.16,4.822,4.9,4.908,4.83,5.533,12375.61,28.61,74.49,1011.15,5.22,16.5,2.4,9,17400,0.01,LOW
2020-10-26,18:00:00,16.58,81.14,1.87,5.44,9.74,23.9,47.64,96.26,4.758,4.822,5.062,4.786,5.472,25193.44,29.4,79.24,1003.08,8.35,22.7,4.1,7,10900,0.01,LOW
2020-10-27,00:00:00,16.1,80.65,1.14,4.48,5.74,14.02,20.51,89.98,4.632,4.758,4.9,4.968,5.948,15012.32,27.76,72.32,1007.3,7.13,18.2,2.1,7,12450,0.01,LOW
2020-10-27,06:00:00,16.14,80.71,3.15,6.74,18.07,27.05,28.28,92.18,4.409,4.632,4.822,4.908,6.458,18847.01,27.27,77.79,996.83,8.95,21.4,3.7,8,8320,0.01,LOW
2020-10-27,12:00:00,16.18,80.75,1.34,4.69,12.44,13.2,26.39,42.88,4.294,4.409,4.758,5.062,5.993,16440.75,26.85,73.14,1007.8,5.19,14.7,1.2,4,15620,0.01,LOW
2020-10-27,18:00:00,16.22,80.8,0.71,3.82,10.01,17.57,23.39,90.27,4.224,4.294,4.632,4.9,5.48,15630.46,26.47,79.3,1006.05,10.84,12.8,2.8,10,19850,0.01,LOW
2020-10-28,00:00:00,16.28,80.84,1.56,1.56,3.03,3.03,10.16,10.16,4.0,4.224,4.409,4.822,4.83,11368.91,26.99,75.37,1001.59,8.09,25.1,5.4,6,9130,0.01,LOW
2020-10-28,06:00:00,16.34,80.9,6.54,12.81,13.67,28.39,67.92,135.07,4.162,4.0,4.294,4.758,4.786,32739.0,28.06,78.23,1003.88,6.5,19.3,3.1,4,14670,0.01,LOW
2020-10-28,12:00:00,16.4,80.96,8.56,29.26,58.67,108.97,215.26,574.46,5.52,4.162,4.224,4.632,4.968,84614.78,28.73,82.22,1008.45,9.3,11.9,1.6,10,22100,0.6287,HIGH
2020-10-28,18:00:00,16.46,81.02,11.7,27.48,57.88,86.86,172.99,366.0,6.219,5.52,4.0,4.409,4.908,71808.9,27.7,87.12,1007.05,11.33,28.4,6.2,9,7650,0.1401,LOW
2020-10-29,00:00:00,16.52,81.08,2.65,9.33,19.02,32.46,48.52,145.8,5.884,6.219,4.162,4.294,5.062,24722.99,29.4,77.68,1011.48,12.83,16.5,2.4,5,17400,0.0322,LOW
2020-10-29,06:00:00,16.58,81.14,0.28,0.28,0.28,0.68,0.68,19.26,5.421,5.884,5.52,4.224,4.9,9524.02,29.21,73.82,1006.04,7.68,22.7,4.1,3,10900,0.01,LOW
2020-10-29,12:00:00,16.1,80.65,1.63,6.13,6.56,6.56,24.97,58.01,5.364,5.421,6.219,4.0,4.822,17595.98,29.78,75.5,1005.13,6.55,18.2,2.1,4,12450,0.01,LOW
2020-10-29,18:00:00,16.14,80.71,5.36,9.99,9.99,17.1,30.69,112.43,4.96,5.364,5.884,4.162,4.758,18324.07,27.97,75.02,1005.26,6.01,21.4,3.7,4,8320,0.01,LOW
2020-10-30,00:00:00,16.18,80.75,0.51,4.34,13.32,22.33,24.91,65.0,4.998,4.96,5.421,5.52,4.632,18506.69,32.7,88.03,1003.26,9.84,14.7,1.2,11,15620,0.01,LOW
2020-10-30,06:00:00,16.22,80.8,16.44,36.93,77.28,146.61,245.84,763.75,7.13,4.998,5.364,6.219,4.409,97725.49,31.64,71.09,1009.38,7.2,12.8,2.8,6,19850,0.8286,VERY_HIGH
2020-10-30,12:00:00,16.28,80.84,4.89,20.46,43.45,84.67,162.32,553.21,8.389,7.13,4.96,5.884,4.294,70796.71,28.18,72.52,1004.45,11.61,25.1,5.4,9,9130,0.4043,MODERATE
2020-10-30,18:00:00,16.34,80.9,4.81,13.7,26.23,53.09,100.53,294.16,8.305,8.389,4.998,5.421,4.224,48833.16,28.3,75.19,1008.05,10.14,19.3,3.1,5,14670,0.1108,LOW
2020-10-31,00:00:00,16.4,80.96,2.54,2.54,2.54,4.95,10.22,23.08,7.686,8.305,7.13,5.364,4.0,18281.98,24.38,82.07,1009.88,7.33,11.9,1.6,3,22100,0.012,LOW
2020-10-31,06:00:00,16.46,81.02,4.63,7.32,15.02,27.1,59.87,176.48,7.372,7.686,8.389,4.96,4.162,31744.06,30.44,85.66,1007.84,11.11,28.4,6.2,7,7650,0.0183,LOW
2020-10-31,12:00:00,16.52,81.08,51.41,104.22,182.7,316.96,623.04,1890.65,12.657,7.372,8.305,4.998,5.52,238977.9,26.63,92.71,1002.19,5.44,16.5,2.4,6,17400,0.99,VERY_HIGH
2020-10-31,18:00:00,16.58,81.14,0.33,2.15,13.91,15.84,39.7,105.55,11.912,12.657,7.686,7.13,6.219,35313.62,26.09,83.25,1008.16,7.53,22.7,4.1,7,10900,0.1525,LOW
2020-11-01,00:00:00,16.1,80.65,2.98,5.06,5.06,7.14,7.52,7.52,11.109,11.912,7.372,8.389,5.884,23760.7,27.18,74.0,1009.92,10.03,18.2,2.1,5,12450,0.0387,LOW
2020-11-01,06:00:00,16.14,80.71,2.53,7.35,21.62,38.11,66.95,165.61,10.905,11.109,12.657,8.305,5.421,43423.57,28.72,73.1,1006.88,11.5,21.4,3.7,7,8320,0.1158,LOW
2020-11-01,12:00:00,16.18,80.75,6.26,11.15,24.8,47.84,68.05,168.03,10.566,10.905,11.912,7.686,5.364,41195.11,29.57,85.54,1008.19,4.82,14.7,1.2,7,15620,0.2836,MODERATE
2020-11-01,18:00:00,16.22,80.8,5.96,14.69,27.82,68.85,148.92,370.5,10.635,10.566,11.109,7.372,4.96,70326.58,26.18,67.75,1007.47,5.97,12.8,2.8,6,19850,0.4552,MODERATE
2020-11-02,00:00:00,16.28,80.84,0.56,0.56,3.85,7.53,7.53,7.53,9.756,10.635,10.905,12.657,4.998,20237.87,26.08,76.95,1002.11,6.45,25.1,5.4,8,9130,0.01,LOW
2020-11-02,06:00:00,16.34,80.9,8.19,17.34,26.39,51.5,93.78,229.19,9.721,9.756,10.566,11.912,7.13,48864.22,27.42,73.14,1004.51,9.6,19.3,3.1,11,14670,0.0889,LOW
2020-11-02,12:00:00,16.4,80.96,0.66,2.96,2.96,7.53,8.48,39.33,9.287,9.721,10.635,11.109,8.389,19672.83,23.7,78.14,1007.63,7.16,11.9,1.6,9,22100,0.0351,LOW
2020-11-02,18:00:00,16.46,81.02,0.81,0.81,4.54,4.54,4.54,4.54,8.212,9.287,9.756,10.905,8.305,15655.1,28.92,76.64,1003.96,7.93,28.4,6.2,4,7650,0.01,LOW
2020-11-03,00:00:00,16.52,81.08,4.7,8.36,18.35,30.14,52.78,106.47,7.928,8.212,9.721,10.566,7.686,34351.31,27.26,73.87,1004.64,6.74,16.5,2.4,6,17400,0.0379,LOW
2020-11-03,06:00:00,16.58,81.14,1.94,8.48,17.67,28.02,65.31,234.1,7.684,7.928,9.287,10.635,7.372,37559.66,26.02,72.58,1010.35,10.43,22.7,4.1,5,10900,0.0601,LOW
2020-11-03,12:00:00,16.1,80.65,4.84,7.25,30.72,63.15,108.78,368.38,8.124,7.684,8.212,9.756,12.657,52239.83,26.03,80.69,1012.45,6.46,18.2,2.1,4,12450,0.2241,LOW
2020-11-03,18:00:00,16.14,80.71,2.09,2.09,14.75,14.75,14.75,37.53,7.209,8.124,7.928,9.721,11.912,19200.95,24.43,83.39,1003.91,7.12,21.4,3.7,8,8320,0.0144,LOW
2020-11-04,00:00:00,16.18,80.75,0.33,2.84,8.68,14.94,24.84,63.69,6.746,7.209,7.684,9.287,11.109,22586.14,27.63,82.56,1012.66,5.16,14.7,1.2,6,15620,0.0275,LOW
2020-11-04,06:00:00,16.22,80.8,3.84,12.5,33.91,53.3,97.22,313.72,7.001,6.746,8.124,8.212,10.905,46727.36,27.94,71.03,1011.63,9.38,12.8,2.8,10,19850,0.0711,LOW
2020-11-04,12:00:00,16.28,80.84,10.57,31.97,64.74,118.57,215.19,699.48,8.339,7.001,7.209,7.928,10.566,90994.31,26.87,75.52,1006.6,8.04,25.1,5.4,6,9130,0.8217,VERY_HIGH
2020-11-04,18:00:00,16.34,80.9,6.43,14.66,21.87,27.53,58.2,100.44,8.213,8.339,6.746,7.684,10.635,35763.02,22.4,75.47,1008.87,5.26,19.3,3.1,8,14670,0.0442,LOW
2020-11-05,00:00:00,16.4,80.96,2.06,4.69,6.68,9.71,9.71,25.86,7.838,8.213,7.001,8.124,9.756,18606.9,25.19,84.68,1004.54,9.93,11.9,1.6,6,22100,0.0125,LOW
2020-11-05,06:00:00,16.46,81.02,1.05,1.05,6.11,14.9,23.65,61.39,7.519,7.838,8.339,7.209,9.721,20028.26,27.92,85.55,1002.14,9.7,28.4,6.2,5,7650,0.01,LOW
2020-11-05,12:00:00,16.52,81.08,4.41,10.61,24.81,40.5,95.86,228.01,7.93,7.519,8.213,6.746,9.287,49033.82,30.16,63.17,1011.05,6.61,16.5,2.4,8,17400,0.0735,LOW
2020-11-05,18:00:00,16.58,81.14,1.38,5.12,10.77,15.81,15.81,59.39,7.642,7.93,7.838,7.001,8.212,17244.62,27.96,75.9,1013.73,4.18,22.7,4.1,3,10900,0.01,LOW
2020-11-06,00:00:00,16.1,80.65,3.77,5.95,12.75,37.67,67.16,130.6,7.589,7.642,7.519,8.339,7.928,38671.73,24.98,64.74,1001.13,6.53,18.2,2.1,4,12450,0.0707,LOW
2020-11-06,06:00:00,16.14,80.71,2.38,5.45,21.75,30.39,49.25,173.07,7.093,7.589,7.93,8.213,7.684,30092.11,27.17,75.81,1010.37,6.53,21.4,3.7,10,8320,0.0377,LOW
2020-11-06,12:00:00,16.18,80.75,2.69,6.41,19.59,37.15,91.49,205.67,7.296,7.093,7.642,7.838,8.124,44250.58,28.95,78.4,1008.91,6.15,14.7,1.2,6,15620,0.0783,LOW
2020-11-06,18:00:00,16.22,80.8,6.54,12.65,27.22,58.05,99.08,206.11,7.428,7.296,7.589,7.519,7.209,47987.4,21.83,71.02,1010.46,6.09,12.8,2.8,10,19850,0.0535,LOW
2020-11-07,00:00:00,16.28,80.84,2.9,7.33,14.09,15.78,28.85,81.99,7.083,7.428,7.093,7.93,6.746,23582.58,27.84,84.0,1008.92,9.12,25.1,5.4,4,9130,0.01,LOW
2020-11-07,06:00:00,16.34,80.9,6.68,15.67,32.19,43.74,101.89,279.24,7.278,7.083,7.296,7.642,7.001,49761.63,23.16,69.71,1003.98,5.61,19.3,3.1,8,14670,0.0926,LOW
2020-11-07,12:00:00,16.4,80.96,0.84,1.5,6.52,8.84,12.7,36.37,6.637,7.278,7.428,7.589,8.339,15408.23,25.29,83.94,1001.83,9.27,11.9,1.6,5,22100,0.0111,LOW
2020-11-07,18:00:00,16.46,81.02,1.73,2.98,2.98,13.14,34.48,97.71,6.161,6.637,7.083,7.093,8.213,23463.12,28.39,66.96,1005.83,8.33,28.4,6.2,8,7650,0.01,LOW
2020-11-08,00:00:00,16.52,81.08,6.44,12.85,30.06,45.65,88.9,226.07,6.262,6.161,7.278,7.296,7.838,41996.59,27.49,67.7,1006.1,5.99,16.5,2.4,9,17400,0.0552,LOW
2020-11-08,06:00:00,16.58,81.14,1.71,7.67,21.51,41.54,77.82,269.33,6.515,6.262,6.637,7.428,7.519,40291.01,26.67,75.67,1002.9,7.38,22.7,4.1,6,10900,0.036,LOW
2020-11-08,12:00:00,16.1,80.65,1.0,3.18,3.18,11.96,17.92,69.36,5.939,6.515,6.161,7.083,7.93,15840.62,24.95,80.14,1004.12,7.03,18.2,2.1,9,12450,0.0109,LOW
2020-11-08,18:00:00,16.14,80.71,7.39,19.16,41.08,69.8,103.14,376.34,6.462,5.939,6.262,7.278,7.642,46768.62,26.28,73.34,1011.1,8.18,21.4,3.7,5,8320,0.1113,LOW
2020-11-09,00:00:00,16.18,80.75,4.5,11.79,27.04,49.79,87.08,258.5,6.954,6.462,6.515,6.637,7.589,42984.79,26.26,84.51,1006.93,8.99,14.7,1.2,7,15620,0.0563,LOW
2020-11-09,06:00:00,16.22,80.8,1.65,1.65,4.39,22.1,44.02,95.68,6.312,6.954,5.939,6.161,7.093,26146.85,26.94,68.88,1001.7,8.0,12.8,2.8,5,19850,0.0165,LOW
2020-11-09,12:00:00,16.28,80.84,6.88,20.43,38.22,54.64,98.92,263.82,6.641,6.312,6.462,6.262,7.296,46341.3,30.97,78.33,1005.3,7.78,25.1,5.4,7,9130,0.0875,LOW
2020-11-09,18:00:00,16.34,80.9,5.35,11.89,23.46,58.78,101.22,217.74,7.038,6.641,6.954,6.515,7.428,49239.29,28.13,76.15,1008.73,8.41,19.3,3.1,7,14670,0.0537,LOW
2020-11-10,00:00:00,16.4,80.96,3.39,7.68,12.37,15.12,24.85,50.31,6.843,7.038,6.312,5.939,7.083,22529.61,26.7,73.19,1001.67,7.13,11.9,1.6,10,22100,0.0311,LOW
2020-11-10,06:00:00,16.46,81.02,24.07,62.06,135.87,196.82,335.26,767.51,8.899,6.843,6.641,6.462,7.278,131401.4,28.18,64.13,1011.91,8.81,28.4,6.2,6,7650,0.9643,VERY_HIGH
2020-11-10,12:00:00,16.52,81.08,5.98,11.7,20.57,28.57,44.6,111.87,8.593,8.899,7.038,6.954,6.637,31235.3,23.25,74.84,1005.34,6.46,16.5,2.4,6,17400,0.0504,LOW
2020-11-10,18:00:00,16.58,81.14,5.09,12.04,36.14,50.95,80.76,294.01,8.692,8.593,6.843,6.312,6.161,44432.56,29.28,78.04,1010.86,9.47,22.7,4.1,7,10900,0.1133,LOW
2020-11-11,00:00:00,16.1,80.65,2.55,4.74,12.75,19.4,22.97,31.78,8.101,8.692,8.899,6.641,6.262,22047.35,30.31,69.81,1001.79,7.23,18.2,2.1,4,12450,0.0162,LOW
2020-11-11,06:00:00,16.14,80.71,5.56,10.27,17.51,24.6,44.74,88.0,8.04,8.101,8.593,7.038,6.515,29333.18,26.33,80.53,1009.0,7.44,21.4,3.7,9,8320,0.0397,LOW
2020-11-11,12:00:00,16.18,80.75,11.59,20.53,30.11,38.58,69.14,216.56,8.018,8.04,8.692,6.843,5.939,39994.09,27.55,61.9,1007.12,9.58,14.7,1.2,8,15620,0.0717,LOW
2020-11-11,18:00:00,16.22,80.8,0.92,3.85,3.85,3.85,3.85,24.35,7.568,8.018,8.101,8.899,6.462,14569.84,29.14,68.37,1006.77,5.68,12.8,2.8,7,19850,0.01,LOW
2020-11-12,00:00:00,16.28,80.84,3.95,9.04,19.61,25.54,40.99,79.69,7.151,7.568,8.04,8.593,6.954,27475.78,25.73,74.88,1005.74,6.4,25.1,5.4,9,9130,0.0106,LOW
2020-11-12,06:00:00,16.34,80.9,2.49,7.83,7.83,22.88,34.49,106.65,6.916,7.151,8.018,8.692,6.312,24181.93,24.37,73.79,1009.75,7.97,19.3,3.1,6,14670,0.0111,LOW
2020-11-12,12:00:00,16.4,80.96,0.9,0.9,0.9,12.76,28.82,84.79,6.712,6.916,7.568,8.101,6.641,20843.26,27.76,70.08,1009.91,9.76,11.9,1.6,7,22100,0.0116,LOW
2020-11-12,18:00:00,16.46,81.02,4.86,7.17,15.41,21.36,42.84,104.54,6.424,6.712,7.151,8.04,7.038,27840.92,25.08,73.21,1007.95,7.41,28.4,6.2,6,7650,0.01,LOW
2020-11-13,00:00:00,16.52,81.08,0.25,0.25,4.35,4.35,4.35,22.88,5.868,6.424,6.916,8.018,6.843,13357.06,27.05,79.49,1004.96,5.57,16.5,2.4,8,17400,0.01,LOW
2020-11-13,06:00:00,16.58,81.14,9.81,26.81,48.16,77.31,130.23,461.53,6.45,5.868,6.712,7.568,8.899,57239.39,25.06,83.3,1012.67,5.5,22.7,4.1,5,10900,0.2231,LOW
2020-11-13,12:00:00,16.1,80.65,3.69,5.71,15.84,22.99,35.69,96.75,6.063,6.45,6.424,7.151,8.593,23360.35,24.37,70.83,1002.95,15.28,18.2,2.1,10,12450,0.0124,LOW
2020-11-13,18:00:00,16.14,80.71,38.56,110.52,164.42,226.51,448.75,1488.42,9.783,6.063,5.868,6.916,8.692,172732.76,27.41,70.07,1001.79,4.85,21.4,3.7,11,8320,0.99,VERY_HIGH
2020-11-14,00:00:00,16.18,80.75,6.35,16.59,35.42,61.97,116.5,281.94,9.877,9.783,6.45,6.712,8.101,58181.88,25.76,74.13,1006.66,4.8,14.7,1.2,7,15620,0.2378,LOW
2020-11-14,06:00:00,16.22,80.8,1.68,7.6,18.47,27.55,52.99,190.7,9.827,9.877,6.063,6.424,8.04,34310.6,27.72,78.53,1010.43,6.15,12.8,2.8,7,19850,0.0996,LOW
2020-11-14,12:00:00,16.28,80.84,0.98,0.98,2.4,2.4,2.4,2.4,9.253,9.827,9.783,5.868,8.018,17334.89,27.62,77.47,1007.54,7.51,25.1,5.4,8,9130,0.0213,LOW
2020-11-14,18:00:00,16.34,80.9,4.12,18.43,33.15,57.24,101.31,335.53,9.229,9.253,9.877,6.45,7.568,54186.54,28.18,77.03,1011.59,11.65,19.3,3.1,5,14670,0.2937,MODERATE
2020-11-15,00:00:00,16.4,80.96,0.18,0.18,0.18,4.93,4.93,47.84,8.776,9.229,9.827,6.063,7.151,17337.77,28.18,77.35,1005.14,5.52,11.9,1.6,6,22100,0.0273,LOW
2020-11-15,06:00:00,16.46,81.02,1.48,4.63,8.05,13.87,26.04,62.68,8.375,8.776,9.253,9.783,6.916,25257.18,25.01,69.8,1012.58,9.69,28.4,6.2,10,7650,0.0142,LOW
2020-11-15,12:00:00,16.52,81.08,1.4,1.4,11.46,11.46,13.15,34.27,7.664,8.375,9.229,9.877,6.712,19985.19,23.95,70.63,1008.69,8.12,16.5,2.4,6,17400,0.01,LOW
2020-11-15,18:00:00,16.58,81.14,1.75,1.75,2.32,11.48,25.09,50.43,7.284,7.664,8.776,9.827,6.424,23855.35,23.1,83.48,1001.16,9.95,22.7,4.1,9,10900,0.01,LOW
2020-11-16,00:00:00,16.1,80.65,9.14,13.52,26.26,43.14,62.19,109.02,7.206,7.284,8.375,9.253,5.868,34637.35,24.87,77.45,1005.22,5.44,18.2,2.1,3,12450,0.0189,LOW
2020-11-16,06:00:00,16.14,80.71,1.62,1.62,1.62,4.21,4.21,4.21,6.452,7.206,7.664,9.229,6.45,14632.4,26.18,68.58,1004.26,8.37,21.4,3.7,6,8320,0.01,LOW
2020-11-16,12:00:00,16.18,80.75,6.18,14.76,21.03,41.63,68.29,202.58,6.093,6.452,7.284,8.776,6.063,34870.04,27.45,90.35,1001.9,9.93,14.7,1.2,8,15620,0.043,LOW
2020-11-16,18:00:00,16.22,80.8,1.22,1.22,1.22,8.9,12.26,46.1,5.574,6.093,7.206,8.375,9.783,13387.43,30.16,79.87,1010.99,9.28,12.8,2.8,6,19850,0.01,LOW
2020-11-17,00:00:00,16.28,80.84,5.3,16.47,24.72,46.75,85.33,220.27,5.835,5.574,6.452,7.664,9.877,41409.68,27.45,79.76,1005.44,7.63,25.1,5.4,1,9130,0.023,LOW
2020-11-17,06:00:00,16.34,80.9,5.41,11.32,19.96,41.78,57.29,174.54,5.669,5.835,6.093,7.284,9.827,30027.6,24.54,72.38,1001.81,11.69,19.3,3.1,8,14670,0.0177,LOW
2020-11-17,12:00:00,16.4,80.96,0.59,2.9,2.9,2.9,2.9,38.05,5.062,5.669,5.574,7.206,9.253,8899.32,28.63,72.71,1008.44,11.22,11.9,1.6,7,22100,0.01,LOW
2020-11-17,18:00:00,16.46,81.02,2.84,12.81,32.08,58.71,90.93,214.47,5.238,5.062,5.835,6.452,9.229,41689.41,25.97,70.67,1007.38,5.28,28.4,6.2,6,7650,0.0229,LOW
2020-11-18,00:00:00,16.52,81.08,3.39,12.21,14.42,36.32,58.17,187.53,5.203,5.238,5.669,6.093,8.776,31369.99,30.91,80.62,1006.79,8.52,16.5,2.4,6,17400,0.0143,LOW
2020-11-18,06:00:00,16.58,81.14,2.19,2.19,2.5,2.5,14.4,52.85,4.633,5.203,5.062,5.574,8.375,13192.84,28.91,77.13,1008.01,8.88,22.7,4.1,8,10900,0.01,LOW
2020-11-18,12:00:00,16.1,80.65,1.03,1.03,1.03,9.98,11.76,35.51,4.222,4.633,5.238,5.835,7.664,11607.29,30.35,79.99,1005.65,5.51,18.2,2.1,5,12450,0.01,LOW
2020-11-18,18:00:00,16.14,80.71,2.88,3.9,8.56,15.42,20.47,40.8,4.0,4.222,5.203,5.669,7.284,16704.72,23.59,76.84,1005.46,12.78,21.4,3.7,11,8320,0.01,LOW
2020-11-19,00:00:00,16.18,80.75,4.7,15.49,34.35,51.58,91.91,278.29,4.567,4.0,4.633,5.062,7.206,42125.15,21.98,83.81,1007.71,5.47,14.7,1.2,5,15620,0.0697,LOW
2020-11-19,06:00:00,16.22,80.8,1.14,1.14,7.39,14.71,43.75,124.5,4.824,4.567,4.222,5.238,6.452,23578.76,24.88,70.53,1008.21,8.24,12.8,2.8,7,19850,0.01,LOW
2020-11-19,12:00:00,16.28,80.84,1.12,1.12,1.12,5.44,12.87,49.03,4.626,4.824,4.0,5.203,6.093,14009.17,27.03,76.4,1003.22,1.4,25.1,5.4,6,9130,0.01,LOW
2020-11-19,18:00:00,16.34,80.9,1.46,1.88,1.88,1.88,1.88,6.53,4.0,4.626,4.567,4.633,5.574,8371.84,28.17,95.84,1008.11,8.64,19.3,3.1,6,14670,0.01,LOW
2020-11-20,00:00:00,16.4,80.96,2.61,4.28,4.94,10.67,18.7,46.5,4.142,4.0,4.824,4.222,5.835,15490.86,25.23,66.63,1011.85,5.86,11.9,1.6,9,22100,0.01,LOW
2020-11-20,06:00:00,16.46,81.02,0.2,0.2,1.63,10.1,29.65,37.61,4.0,4.142,4.626,4.0,5.669,17627.53,27.44,76.45,1008.29,12.46,28.4,6.2,7,7650,0.01,LOW
2020-11-20,12:00:00,16.52,81.08,1.63,2.88,7.93,9.65,9.65,58.26,4.0,4.0,4.0,4.567,5.062,10445.41,24.64,82.44,1005.86,6.66,16.5,2.4,8,17400,0.01,LOW
2020-11-20,18:00:00,16.58,81.14,2.57,6.15,18.64,33.46,44.09,128.56,4.043,4.0,4.142,4.824,5.238,21447.99,25.01,76.59,1007.62,7.68,22.7,4.1,9,10900,0.01,LOW
2020-11-21,00:00:00,16.1,80.65,2.54,6.46,13.73,22.13,45.17,144.22,4.041,4.043,4.0,4.626,5.203,24106.23,25.96,72.81,1006.05,9.3,18.2,2.1,6,12450,0.01,LOW
2020-11-21,06:00:00,16.14,80.71,16.21,28.0,45.79,101.9,181.42,383.97,4.938,4.041,4.0,4.0,4.633,71858.48,30.21,83.08,1013.78,8.6,21.4,3.7,8,8320,0.1378,LOW
2020-11-21,12:00:00,16.18,80.75,1.59,1.59,1.59,14.11,14.11,55.82,4.643,4.938,4.043,4.142,4.222,13850.23,29.94,66.19,1010.99,11.46,14.7,1.2,7,15620,0.01,LOW
2020-11-21,18:00:00,16.22,80.8,15.16,48.4,81.95,138.75,249.86,592.0,6.526,4.643,4.041,4.0,4.0,98765.42,28.75,81.42,1006.35,6.98,12.8,2.8,7,19850,0.8071,VERY_HIGH
2020-11-22,00:00:00,16.28,80.84,0.87,6.78,10.21,32.37,51.75,153.69,6.342,6.526,4.938,4.0,4.567,28873.03,25.73,80.1,1009.35,7.62,25.1,5.4,4,9130,0.0187,LOW
2020-11-22,06:00:00,16.34,80.9,1.28,2.85,2.85,5.01,25.32,42.32,6.106,6.342,4.643,4.043,4.824,20388.97,28.66,69.86,1012.23,9.17,19.3,3.1,4,14670,0.01,LOW
2020-11-22,12:00:00,16.4,80.96,1.74,7.28,16.66,18.7,51.24,105.74,5.847,6.106,6.526,4.041,4.626,29208.97,28.08,78.98,1010.26,8.85,11.9,1.6,7,22100,0.0133,LOW
2020-11-22,18:00:00,16.46,81.02,1.26,8.84,22.93,48.16,72.4,207.06,6.204,5.847,6.342,4.938,4.0,34880.41,28.07,76.22,1014.48,6.68,28.4,6.2,10,7650,0.0305,LOW
2020-11-23,00:00:00,16.52,81.08,0.17,0.71,3.03,6.25,6.25,24.76,5.662,6.204,6.106,4.643,4.142,11089.08,22.89,74.68,1004.58,7.53,16.5,2.4,8,17400,0.01,LOW
2020-11-23,06:00:00,16.58,81.14,1.69,4.5,6.15,6.25,9.62,23.31,5.114,5.662,5.847,6.526,4.0,15305.52,23.78,76.12,1008.08,11.38,22.7,4.1,4,10900,0.01,LOW
2020-11-23,12:00:00,16.1,80.65,1.15,6.47,19.14,20.09,44.66,176.32,5.032,5.114,6.204,6.342,4.0,23281.38,32.97,87.22,1003.41,11.02,18.2,2.1,6,12450,0.01,LOW
2020-11-23,18:00:00,16.14,80.71,6.94,13.68,17.21,24.84,36.37,124.21,4.764,5.032,5.662,6.106,4.043,22100.24,28.17,70.09,1005.6,6.22,21.4,3.7,8,8320,0.0101,LOW
2020-11-24,00:00:00,16.18,80.75,1.18,3.59,6.88,11.62,30.92,50.36,4.89,4.764,5.114,5.847,4.041,18566.45,28.39,69.77,1011.19,4.78,14.7,1.2,11,15620,0.01,LOW
2020-11-24,06:00:00,16.22,80.8,2.08,9.82,10.8,25.62,43.51,141.28,5.029,4.89,5.032,6.204,4.938,24374.25,26.69,69.45,1006.53,8.42,12.8,2.8,11,19850,0.01,LOW
2020-11-24,12:00:00,16.28,80.84,6.08,16.7,36.14,68.16,126.27,268.03,5.538,5.029,4.764,5.662,4.643,53497.18,28.89,80.78,1010.68,10.55,25.1,5.4,4,9130,0.0709,LOW
2020-11-24,18:00:00,16.34,80.9,47.56,138.8,259.93,521.84,1037.61,3494.04,13.8,5.538,4.89,5.114,6.526,386185.3,29.87,64.35,1008.08,8.26,19.3,3.1,7,14670,0.99,VERY_HIGH
2020-11-25,00:00:00,16.4,80.96,5.91,9.5,22.8,45.6,93.99,256.93,13.334,13.8,5.029,5.032,6.342,55679.99,27.27,68.29,1005.84,8.69,11.9,1.6,5,22100,0.4718,MODERATE
2020-11-25,06:00:00,16.46,81.02,5.23,14.91,26.57,32.69,58.75,170.9,12.4,13.334,5.538,4.764,6.106,42031.32,28.84,84.77,1012.5,12.55,28.4,6.2,9,7650,0.0936,LOW
2020-11-25,12:00:00,16.52,81.08,2.51,7.37,9.19,19.96,26.96,105.33,11.376,12.4,13.8,4.89,5.847,29459.6,29.45,77.28,1007.76,5.55,16.5,2.4,9,17400,0.0718,LOW
2020-11-25,18:00:00,16.58,81.14,6.53,21.38,33.68,61.94,96.23,288.67,11.019,11.376,13.334,5.029,6.204,55752.54,28.49,73.91,1004.16,15.31,22.7,4.1,8,10900,0.22,LOW
2020-11-26,00:00:00,16.1,80.65,2.7,5.12,5.12,5.12,5.12,5.12,10.128,11.019,12.4,5.538,5.662,20079.97,26.51,78.69,1003.83,8.78,18.2,2.1,4,12450,0.0199,LOW
2020-11-26,06:00:00,16.14,80.71,11.07,34.62,69.3,105.88,164.03,480.57,10.864,10.128,11.376,13.8,5.114,76744.62,27.99,73.37,1007.08,8.26,21.4,3.7,6,8320,0.5812,HIGH
2020-11-26,12:00:00,16.18,80.75,2.09,6.37,6.37,12.23,36.92,134.58,10.455,10.864,11.019,13.334,5.032,30659.1,23.91,86.86,1003.26,10.25,14.7,1.2,8,15620,0.1049,LOW
2020-11-26,18:00:00,16.22,80.8,41.4,97.25,158.69,271.91,518.67,1452.74,13.8,10.455,10.128,12.4,4.764,206586.9,28.55,75.07,1006.3,2.14,12.8,2.8,8,19850,0.99,VERY_HIGH
2020-11-27,00:00:00,16.28,80.84,61.03,119.54,189.9,331.89,527.9,1386.15,13.8,13.8,10.864,11.376,4.89,208792.69,25.94,83.6,1004.19,9.41,25.1,5.4,9,9130,0.99,VERY_HIGH
2020-11-27,06:00:00,16.34,80.9,3.24,10.43,26.95,52.53,100.41,315.82,13.64,13.8,10.455,11.019,5.029,59012.43,28.49,75.8,1005.5,5.33,19.3,3.1,7,14670,0.6056,HIGH
2020-11-27,12:00:00,16.4,80.96,2.24,2.57,2.87,10.56,16.1,22.97,12.707,13.64,13.8,10.128,5.538,27845.99,26.2,85.87,1013.15,6.61,11.9,1.6,6,22100,0.0765,LOW
2020-11-27,18:00:00,16.46,81.02,7.8,18.16,21.99,48.69,109.96,308.61,12.704,12.707,13.8,10.864,13.8,61191.36,28.41,71.68,1002.57,4.46,28.4,6.2,7,7650,0.3742,MODERATE
2020-11-28,00:00:00,16.52,81.08,7.33,24.87,53.29,96.4,176.98,371.35,13.098,12.704,13.64,10.455,13.334,85413.38,27.77,75.34,1009.02,8.64,16.5,2.4,6,17400,0.7618,VERY_HIGH
2020-11-28,06:00:00,16.58,81.14,1.0,1.64,6.48,12.53,25.87,69.79,12.459,13.098,12.707,13.8,12.4,34114.56,26.03,69.21,1004.81,7.35,22.7,4.1,7,10900,0.0943,LOW
2020-11-28,12:00:00,16.1,80.65,2.08,8.16,20.89,35.03,54.61,87.34,11.52,12.459,12.704,13.8,11.376,40326.72,23.02,71.7,1003.94,12.25,18.2,2.1,9,12450,0.193,LOW
2020-11-28,18:00:00,16.14,80.71,9.9,36.23,71.42,104.57,155.49,374.98,11.712,11.52,13.098,13.64,11.019,76360.1,29.66,79.21,1004.09,10.09,21.4,3.7,8,8320,0.6222,HIGH
2020-11-29,00:00:00,16.18,80.75,1.72,2.95,6.89,13.04,32.96,121.52,10.843,11.712,12.459,12.707,10.128,29474.11,25.87,71.03,1005.77,10.53,14.7,1.2,4,15620,0.0428,LOW
2020-11-29,06:00:00,16.22,80.8,1.24,4.21,4.21,10.65,16.0,16.0,10.05,10.843,11.52,12.704,10.864,24592.03,29.21,60.78,1003.73,9.45,12.8,2.8,7,19850,0.032,LOW
2020-11-29,12:00:00,16.28,80.84,2.2,11.22,24.98,48.96,86.28,295.91,9.898,10.05,11.712,13.098,10.455,48496.46,24.8,76.89,1008.0,11.51,25.1,5.4,7,9130,0.2349,LOW
2020-11-29,18:00:00,16.34,80.9,1.98,5.67,6.99,8.18,28.5,28.5,9.355,9.898,10.843,12.459,13.8,26242.23,25.61,74.13,1012.74,3.92,19.3,3.1,5,14670,0.023,LOW
2020-11-30,00:00:00,16.4,80.96,27.21,53.9,106.97,159.42,213.15,723.16,10.632,9.355,10.05,11.52,13.8,94518.27,25.4,76.38,1003.12,7.08,11.9,1.6,6,22100,0.9528,VERY_HIGH
2020-11-30,06:00:00,16.46,81.02,12.45,31.37,61.42,96.68,162.09,369.49,11.062,10.632,9.898,11.712,13.64,76393.32,27.6,69.67,1004.61,8.85,28.4,6.2,8,7650,0.4765,MODERATE
2020-11-30,12:00:00,16.52,81.08,11.89,37.97,82.01,129.32,210.58,666.39,11.957,11.062,9.355,10.843,12.707,98394.99,26.04,69.51,1008.68,7.57,16.5,2.4,9,17400,0.9593,VERY_HIGH
2020-11-30,18:00:00,16.58,81.14,14.95,29.3,46.5,79.45,107.16,400.24,12.301,11.957,10.632,10.05,12.704,61321.21,23.78,78.32,1009.85,12.71,22.7,4.1,9,10900,0.5036,HIGH
2020-12-01,00:00:00,16.1,80.65,3.86,5.42,19.18,34.46,41.43,110.96,11.581,12.301,11.062,9.898,13.098,33735.3,27.42,90.81,1008.06,8.4,18.2,2.1,7,12450,0.1049,LOW
2020-12-01,06:00:00,16.14,80.71,0.97,7.65,19.05,34.4,54.03,162.7,10.998,11.581,11.957,9.355,12.459,36547.3,24.88,73.98,1008.91,13.5,21.4,3.7,12,8320,0.0505,LOW
2020-12-01,12:00:00,16.18,80.75,0.17,0.17,0.17,6.14,6.39,22.66,10.141,10.998,12.301,10.632,11.52,20034.83,28.12,84.17,1002.72,10.35,14.7,1.2,8,15620,0.0198,LOW
2020-12-01,18:00:00,16.22,80.8,1.03,6.55,14.2,21.91,28.45,66.1,9.616,10.141,11.581,11.062,11.712,29006.11,29.45,69.47,1012.01,7.65,12.8,2.8,7,19850,0.0448,LOW
2020-12-02,00:00:00,16.28,80.84,6.3,15.41,25.65,52.38,101.44,261.33,9.689,9.616,10.998,11.957,10.843,52824.96,27.5,79.09,1005.04,9.68,25.1,5.4,8,9130,0.1562,LOW
2020-12-02,06:00:00,16.34,80.9,5.9,11.81,24.15,51.13,67.42,213.61,9.585,9.689,10.141,12.301,10.05,40813.92,25.87,69.14,1007.18,6.1,19.3,3.1,10,14670,0.0534,LOW
2020-12-02,12:00:00,16.4,80.96,4.43,12.19,19.63,34.27,50.79,125.49,9.054,9.585,9.616,11.581,9.898,33897.79,27.41,89.28,1010.93,9.27,11.9,1.6,5,22100,0.0671,LOW
2020-12-02,18:00:00,16.46,81.02,8.51,22.31,46.42,75.32,121.86,300.11,9.229,9.054,9.689,10.998,9.355,57481.85,29.02,73.99,1001.78,7.83,28.4,6.2,8,7650,0.1345,LOW
2020-12-03,00:00:00,16.52,81.08,0.65,0.65,0.65,11.67,28.09,117.0,8.546,9.229,9.585,10.141,10.632,25262.55,26.84,73.97,1010.95,7.99,16.5,2.4,1,17400,0.0221,LOW
2020-12-03,06:00:00,16.58,81.14,1.09,1.09,5.37,12.13,40.63,147.0,8.209,8.546,9.054,9.616,11.062,26658.3,26.29,78.38,1012.97,6.15,22.7,4.1,11,10900,0.0376,LOW
2020-12-03,12:00:00,16.1,80.65,4.97,13.26,26.05,39.45,63.16,144.34,8.057,8.209,9.229,9.689,11.957,37519.38,27.01,73.83,1006.64,10.71,18.2,2.1,6,12450,0.058,LOW
2020-12-03,18:00:00,16.14,80.71,0.93,2.35,6.68,12.68,13.84,13.84,7.628,8.057,8.546,9.585,12.301,18068.58,29.71,66.13,1009.15,6.34,21.4,3.7,8,8320,0.0101,LOW
2020-12-04,00:00:00,16.18,80.75,8.28,21.52,48.06,99.64,158.94,361.01,8.169,7.628,8.209,9.054,11.581,70591.58,29.01,73.77,1003.64,10.56,14.7,1.2,8,15620,0.2907,MODERATE
2020-12-04,06:00:00,16.22,80.8,4.63,16.21,30.35,45.46,86.11,242.35,8.29,8.169,8.057,9.229,10.998,44582.92,27.94,83.62,1010.41,8.99,12.8,2.8,8,19850,0.0946,LOW
2020-12-04,12:00:00,16.28,80.84,4.24,13.24,30.78,57.03,115.94,275.67,8.448,8.29,7.628,8.546,10.141,56622.09,27.45,68.29,1003.58,9.88,25.1,5.4,9,9130,0.1353,LOW
2020-12-04,18:00:00,16.34,80.9,2.35,2.35,2.35,11.52,11.52,11.52,7.7,8.448,8.169,8.209,9.616,19271.64,26.7,85.54,1004.46,6.55,19.3,3.1,8,14670,0.01,LOW
2020-12-05,00:00:00,16.4,80.96,3.35,7.52,7.52,9.42,10.42,14.91,7.161,7.7,8.29,8.057,9.689,16593.47,23.91,88.6,1007.04,9.66,11.9,1.6,5,22100,0.01,LOW
2020-12-05,06:00:00,16.46,81.02,0.4,3.29,9.79,19.38,48.2,140.69,6.758,7.161,8.448,7.628,9.585,30049.69,29.28,79.77,1008.75,9.99,28.4,6.2,9,7650,0.0167,LOW
2020-12-05,12:00:00,16.52,81.08,3.05,7.7,15.17,18.75,33.0,123.32,6.275,6.758,7.7,8.169,9.054,23013.31,27.83,74.81,1003.33,6.0,16.5,2.4,6,17400,0.0104,LOW
2020-12-05,18:00:00,16.58,81.14,2.63,9.29,20.65,39.47,94.74,271.48,6.678,6.275,7.161,8.29,9.229,45726.16,27.71,78.8,1005.4,6.43,22.7,4.1,7,10900,0.1003,LOW
2020-12-06,00:00:00,16.1,80.65,0.94,2.69,8.12,8.12,10.66,27.52,5.997,6.678,6.758,8.448,8.546,13605.69,28.36,82.41,1007.54,10.96,18.2,2.1,7,12450,0.01,LOW
2020-12-06,06:00:00,16.14,80.71,0.62,5.45,9.07,21.84,41.19,139.2,6.114,5.997,6.275,7.7,8.209,25987.38,27.95,69.05,1008.25,8.55,21.4,3.7,7,8320,0.0164,LOW
2020-12-06,12:00:00,16.18,80.75,1.27,3.25,4.61,12.52,12.52,12.52,5.534,6.114,6.678,7.161,8.057,12593.03,22.69,69.16,1013.04,3.57,14.7,1.2,6,15620,0.01,LOW
2020-12-06,18:00:00,16.22,80.8,1.8,8.95,8.95,13.57,13.71,21.21,5.388,5.534,5.997,6.758,7.628,13351.23,27.3,81.13,1006.46,8.66,12.8,2.8,6,19850,0.01,LOW
2020-12-07,00:00:00,16.28,80.84,1.26,2.51,2.51,4.18,4.18,12.1,5.154,5.388,6.114,6.275,8.169,11678.1,25.29,77.27,1004.82,6.09,25.1,5.4,7,9130,0.01,LOW
2020-12-07,06:00:00,16.34,80.9,2.96,5.91,11.27,16.82,30.07,95.7,4.817,5.154,5.534,6.678,8.29,18109.77,27.69,81.03,1006.23,10.06,19.3,3.1,7,14670,0.01,LOW
2020-12-07,12:00:00,16.4,80.96,2.33,10.0,21.63,33.12,73.58,211.63,5.341,4.817,5.388,5.997,8.448,34682.05,26.4,75.22,1011.91,7.45,11.9,1.6,8,22100,0.0244,LOW
2020-12-07,18:00:00,16.46,81.02,10.2,23.87,34.65,47.46,77.66,204.38,5.641,5.341,5.154,6.114,7.7,36678.55,25.64,78.69,1005.75,7.59,28.4,6.2,6,7650,0.0266,LOW
2020-12-08,00:00:00,16.52,81.08,1.19,7.58,9.4,9.4,9.4,9.4,5.179,5.641,4.817,5.534,7.161,10864.93,27.13,76.26,1007.15,7.95,16.5,2.4,9,17400,0.01,LOW
2020-12-08,06:00:00,16.58,81.14,11.9,37.15,64.88,113.72,197.43,659.98,6.802,5.179,5.341,5.388,6.758,81266.75,25.64,69.76,1011.6,8.12,22.7,4.1,9,10900,0.7583,VERY_HIGH
2020-12-08,12:00:00,16.1,80.65,27.95,55.36,112.25,157.5,277.75,830.52,9.119,6.802,5.641,5.154,6.275,112993.87,24.12,76.24,1005.89,6.43,18.2,2.1,10,12450,0.9627,VERY_HIGH
2020-12-08,18:00:00,16.14,80.71,6.76,13.93,30.13,44.95,63.78,218.84,8.79,9.119,5.179,4.817,6.678,39039.27,28.97,77.24,1007.49,1.46,21.4,3.7,5,8320,0.085,LOW
2020-12-09,00:00:00,16.18,80.75,0.35,1.35,10.82,30.11,38.71,68.55,8.063,8.79,6.802,5.341,5.997,27419.42,25.83,75.35,1008.87,9.4,14.7,1.2,8,15620,0.0248,LOW
2020-12-09,06:00:00,16.22,80.8,41.82,83.84,133.22,250.61,371.38,880.05,10.362,8.063,9.119,5.641,6.114,147495.6,26.06,79.09,1009.78,4.23,12.8,2.8,4,19850,0.99,VERY_HIGH
2020-12-09,12:00:00,16.28,80.84,0.31,3.89,15.97,22.67,23.02,23.02,9.379,10.362,8.79,5.179,5.534,23955.53,29.37,79.09,1006.07,10.82,25.1,5.4,8,9130,0.01,LOW
2020-12-09,18:00:00,16.34,80.9,26.51,80.37,127.8,250.86,368.63,1244.34,12.162,9.379,8.063,6.802,5.388,149756.42,28.67,78.67,1006.18,10.37,19.3,3.1,7,14670,0.99,VERY_HIGH
2020-12-10,00:00:00,16.4,80.96,6.45,16.91,28.17,52.1,111.0,282.14,12.427,12.162,10.362,9.119,5.154,61524.37,28.58,74.05,1002.2,9.52,11.9,1.6,4,22100,0.5648,HIGH
2020-12-10,06:00:00,16.46,81.02,2.85,5.46,11.97,32.64,40.83,116.16,11.506,12.427,9.379,8.79,4.817,35396.24,25.59,61.52,1011.82,7.16,28.4,6.2,5,7650,0.0498,LOW
2020-12-10,12:00:00,16.52,81.08,9.83,34.77,73.98,120.59,200.92,688.53,12.549,11.506,12.162,8.063,5.341,93762.49,27.17,79.71,1011.17,7.67,16.5,2.4,6,17400,0.9605,VERY_HIGH
2020-12-10,18:00:00,16.58,81.14,8.44,13.68,28.34,44.83,49.68,181.92,12.132,12.549,12.427,10.362,5.641,40269.92,23.17,84.96,1007.59,8.12,22.7,4.1,6,10900,0.1163,LOW
2020-12-11,00:00:00,16.1,80.65,0.79,0.79,5.46,15.24,34.06,93.76,11.405,12.132,11.506,9.379,5.179,33264.78,28.8,77.51,1008.24,10.54,18.2,2.1,5,12450,0.0662,LOW
2020-12-11,06:00:00,16.14,80.71,6.33,18.43,27.84,37.51,53.59,150.75,11.041,11.405,12.549,12.162,6.802,38298.79,29.48,82.82,1009.12,8.16,21.4,3.7,9,8320,0.0806,LOW
2020-12-11,12:00:00,16.18,80.75,4.0,7.76,16.64,35.05,49.51,199.26,10.614,11.041,12.132,12.427,9.119,36818.35,25.48,62.48,1011.55,7.34,14.7,1.2,6,15620,0.2082,LOW
2020-12-11,18:00:00,16.22,80.8,2.94,10.34,20.15,42.21,59.73,186.08,10.386,10.614,11.405,11.506,8.79,38615.31,30.22,77.6,1004.61,10.18,12.8,2.8,6,19850,0.0979,LOW
2020-12-12,00:00:00,16.28,80.84,8.13,24.28,45.86,75.11,113.68,266.67,9.754,10.386,11.041,12.549,8.063,59391.78,28.45,85.76,1007.14,6.29,25.1,5.4,4,9130,0.1411,LOW
2020-12-12,06:00:00,16.34,80.9,2.21,4.12,6.26,7.7,7.7,7.7,9.097,9.754,10.614,12.132,10.362,19716.38,26.16,79.13,1008.07,5.82,19.3,3.1,6,14670,0.0177,LOW
2020-12-12,12:00:00,16.4,80.96,1.96,4.89,8.33,19.17,48.89,119.47,9.002,9.097,10.386,11.405,9.379,32997.64,30.84,92.11,1008.35,5.32,11.9,1.6,7,22100,0.0425,LOW
2020-12-12,18:00:00,16.46,81.02,12.52,25.13,48.35,84.64,121.1,310.92,9.372,9.002,9.754,11.041,12.162,62335.32,28.44,75.29,1008.52,3.0,28.4,6.2,6,7650,0.1184,LOW
2020-12-13,00:00:00,16.52,81.08,2.69,7.48,26.6,50.75,109.86,253.93,9.38,9.372,9.097,10.614,12.427,53691.95,25.4,78.32,1001.85,10.64,16.5,2.4,6,17400,0.1587,LOW
2020-12-13,06:00:00,16.58,81.14,1.05,5.36,9.55,14.57,28.8,45.43,8.752,9.38,9.002,10.386,11.506,23745.87,33.89,70.08,1006.76,8.11,22.7,4.1,5,10900,0.0243,LOW
2020-12-13,12:00:00,16.1,80.65,3.16,3.16,3.16,16.26,23.74,67.57,8.366,8.752,9.372,9.754,12.549,23708.29,27.54,66.83,1004.27,6.92,18.2,2.1,8,12450,0.0236,LOW
2020-12-13,18:00:00,16.14,80.71,7.09,16.1,30.83,62.98,127.94,273.99,8.78,8.366,9.38,9.097,12.132,59579.52,29.82,74.24,1011.0,9.04,21.4,3.7,4,8320,0.2263,LOW
2020-12-14,00:00:00,16.18,80.75,11.17,24.13,50.24,119.53,220.58,598.74,9.714,8.78,8.752,9.002,11.405,96548.78,26.37,73.04,1004.4,6.28,14.7,1.2,7,15620,0.8615,VERY_HIGH
2020-12-14,06:00:00,16.22,80.8,2.17,5.26,14.35,37.7,63.2,148.4,8.918,9.714,8.366,9.372,11.041,38117.64,23.1,81.91,1007.69,9.99,12.8,2.8,10,19850,0.0484,LOW
2020-12-14,12:00:00,16.28,80.84,5.14,15.68,20.92,36.42,75.93,243.66,9.182,8.918,8.78,9.38,10.614,43466.1,28.82,73.51,1004.93,15.41,25.1,5.4,5,9130,0.0788,LOW
2020-12-14,18:00:00,16.34,80.9,1.53,6.27,11.59,28.14,47.64,157.85,8.637,9.182,9.714,8.752,10.386,33007.59,25.83,86.68,1008.39,10.02,19.3,3.1,3,14670,0.0275,LOW
2020-12-15,00:00:00,16.4,80.96,5.62,17.85,36.96,66.19,112.45,241.03,8.428,8.637,8.918,8.366,9.754,52866.53,31.42,74.07,1009.89,10.04,11.9,1.6,6,22100,0.2955,MODERATE
2020-12-15,06:00:00,16.46,81.02,4.5,15.29,29.41,37.77,53.53,143.08,7.912,8.428,9.182,8.78,9.097,31423.14,25.55,63.28,1009.07,6.33,28.4,6.2,4,7650,0.0221,LOW
2020-12-15,12:00:00,16.52,81.08,1.86,5.48,5.48,5.48,7.13,31.1,7.47,7.912,8.637,9.714,9.002,18159.27,25.35,80.75,1007.64,5.25,16.5,2.4,7,17400,0.01,LOW
2020-12-15,18:00:00,16.58,81.14,2.04,6.7,8.3,8.3,14.69,37.1,6.914,7.47,8.428,8.918,9.372,17495.89,30.9,76.1,1000.96,9.54,22.7,4.1,6,10900,0.0111,LOW
2020-12-16,00:00:00,16.1,80.65,2.22,6.55,20.21,37.39,69.91,212.67,7.372,6.914,7.912,9.182,9.38,39813.09,28.72,67.86,1012.84,6.97,18.2,2.1,5,12450,0.0529,LOW
2020-12-16,06:00:00,16.14,80.71,3.59,11.03,11.78,18.4,36.14,153.81,7.377,7.372,7.47,8.637,8.752,25145.87,30.77,87.3,1006.33,8.32,21.4,3.7,7,8320,0.0177,LOW
2020-12-16,12:00:00,16.18,80.75,2.93,6.25,19.93,32.58,50.67,153.35,7.232,7.377,6.914,8.428,8.366,31285.25,26.75,68.48,1008.95,6.42,14.7,1.2,4,15620,0.0641,LOW
2020-12-16,18:00:00,16.22,80.8,6.25,22.94,41.92,83.56,177.27,400.88,8.041,7.232,7.372,7.912,8.78,75565.44,27.07,69.27,1012.23,8.38,12.8,2.8,9,19850,0.5628,HIGH
2020-12-17,00:00:00,16.28,80.84,1.06,4.44,7.25,31.76,64.88,202.46,7.644,8.041,7.377,7.47,9.714,37344.27,29.56,82.6,1008.19,7.25,25.1,5.4,5,9130,0.0409,LOW
2020-12-17,06:00:00,16.34,80.9,0.77,0.77,5.11,5.11,5.11,5.11,7.245,7.644,7.232,6.914,8.918,13819.24,27.52,72.85,1010.35,9.71,19.3,3.1,6,14670,0.01,LOW
2020-12-17,12:00:00,16.4,80.96,1.7,9.8,26.55,54.98,65.24,138.49,6.696,7.245,8.041,7.372,9.182,35654.85,31.74,73.94,1012.25,8.19,11.9,1.6,7,22100,0.0514,LOW
2020-12-17,18:00:00,16.46,81.02,8.16,20.75,41.58,76.27,129.58,314.34,7.331,6.696,7.644,7.377,8.637,59107.79,27.09,85.88,1005.62,9.01,28.4,6.2,4,7650,0.1101,LOW
2020-12-18,00:00:00,16.52,81.08,8.08,32.57,74.16,104.94,185.09,427.13,8.351,7.331,7.245,7.232,8.428,78799.41,26.83,77.12,1007.72,3.7,16.5,2.4,9,17400,0.5363,HIGH
2020-12-18,06:00:00,16.58,81.14,11.65,21.5,33.97,66.85,134.55,422.09,9.037,8.351,6.696,8.041,7.912,64458.04,28.35,74.03,1007.31,10.27,22.7,4.1,5,10900,0.3494,MODERATE
2020-12-18,12:00:00,16.1,80.65,2.16,8.64,14.72,27.48,34.45,46.06,8.265,9.037,7.331,7.644,7.47,27090.95,25.11,73.28,1011.31,6.62,18.2,2.1,6,12450,0.0244,LOW
2020-12-18,18:00:00,16.14,80.71,2.54,5.92,10.9,13.45,28.5,51.49,7.69,8.265,8.351,7.245,6.914,23189.14,27.44,74.03,1007.39,7.71,21.4,3.7,6,8320,0.0191,LOW
2020-12-19,00:00:00,16.18,80.75,2.92,8.84,22.7,38.16,70.46,169.71,7.634,7.69,9.037,6.696,7.372,38530.31,27.01,83.81,1006.2,5.6,14.7,1.2,9,15620,0.0554,LOW
2020-12-19,06:00:00,16.22,80.8,5.97,12.18,26.96,61.08,113.73,315.04,8.248,7.634,8.265,7.331,7.377,54213.29,26.96,72.67,1004.97,7.14,12.8,2.8,7,19850,0.1972,LOW
2020-12-19,12:00:00,16.28,80.84,0.57,0.57,5.76,24.96,28.39,92.18,7.982,8.248,7.69,8.351,7.232,24263.19,25.02,69.11,1008.78,9.06,25.1,5.4,7,9130,0.0342,LOW
2020-12-19,18:00:00,16.34,80.9,4.94,11.54,17.87,34.9,70.46,238.29,8.052,7.982,7.634,9.037,8.041,39739.48,29.05,80.88,1003.89,8.11,19.3,3.1,5,14670,0.0397,LOW
2020-12-20,00:00:00,16.4,80.96,5.32,11.4,20.41,26.9,33.22,91.24,7.992,8.052,8.248,8.265,7.644,25330.95,29.61,67.92,1007.39,6.6,11.9,1.6,6,22100,0.0432,LOW
2020-12-20,06:00:00,16.46,81.02,5.82,17.56,29.13,42.61,74.05,203.16,7.999,7.992,7.982,7.69,7.245,39510.21,28.56,70.66,1006.48,5.05,28.4,6.2,9,7650,0.0394,LOW
2020-12-20,12:00:00,16.52,81.08,4.9,9.39,16.62,39.31,68.16,259.66,8.117,7.999,8.052,7.634,6.696,39122.15,26.84,68.17,999.95,12.22,16.5,2.4,3,17400,0.1209,LOW
2020-12-20,18:00:00,16.58,81.14,2.07,9.91,11.51,12.59,12.59,19.65,7.474,8.117,7.992,8.248,7.331,16907.2,30.16,79.15,1006.64,9.96,22.7,4.1,9,10900,0.01,LOW
2020-12-21,00:00:00,16.1,80.65,0.07,0.07,0.12,3.91,5.33,18.64,6.915,7.474,7.999,7.982,8.351,11425.47,25.37,75.87,1003.17,7.95,18.2,2.1,4,12450,0.01,LOW
2020-12-21,06:00:00,16.14,80.71,4.67,15.61,32.67,54.21,86.34,162.2,7.29,6.915,8.117,8.052,9.037,44672.2,25.16,66.43,1011.18,8.33,21.4,3.7,7,8320,0.0765,LOW
2020-12-21,12:00:00,16.18,80.75,4.64,13.49,23.34,31.36,58.45,171.91,7.222,7.29,7.474,7.992,8.265,33403.81,25.21,81.15,1007.6,7.67,14.7,1.2,8,15620,0.0373,LOW
2020-12-21,18:00:00,16.22,80.8,4.46,8.92,14.82,35.32,65.17,224.94,7.311,7.222,6.915,7.999,7.69,35078.27,29.5,72.07,1001.87,6.48,12.8,2.8,4,19850,0.0267,LOW
2020-12-22,00:00:00,16.28,80.84,6.5,10.89,17.12,32.51,56.73,122.92,7.362,7.311,7.29,8.117,7.634,33619.05,29.79,73.5,1004.66,12.97,25.1,5.4,8,9130,0.0181,LOW
2020-12-22,06:00:00,16.34,80.9,8.05,17.38,37.46,65.59,72.95,193.21,7.662,7.362,7.222,7.474,8.248,39360.54,22.72,87.81,1003.11,3.5,19.3,3.1,7,14670,0.0513,LOW
2020-12-22,12:00:00,16.4,80.96,4.43,4.43,7.94,7.94,7.94,31.08,7.307,7.662,7.311,6.915,7.982,15967.11,28.94,74.59,1005.44,5.92,11.9,1.6,8,22100,0.0123,LOW
2020-12-22,18:00:00,16.46,81.02,2.18,2.88,7.8,7.8,22.24,81.85,6.842,7.307,7.362,7.29,8.052,20294.82,28.3,83.06,1005.1,5.7,28.4,6.2,8,7650,0.0127,LOW
2020-12-23,00:00:00,16.52,81.08,21.55,45.3,75.33,146.37,285.37,865.74,8.519,6.842,7.662,7.222,7.992,114190.7,27.73,87.28,1002.16,3.74,16.5,2.4,8,17400,0.9592,VERY_HIGH
2020-12-23,06:00:00,16.58,81.14,6.95,15.41,38.78,49.0,94.82,250.67,8.377,8.519,7.307,7.311,7.999,48389.2,26.16,75.45,1007.79,10.46,22.7,4.1,6,10900,0.0465,LOW
2020-12-23,12:00:00,16.1,80.65,7.29,19.2,38.45,74.48,113.68,355.45,8.735,8.377,6.842,7.362,8.117,54300.0,23.83,78.56,1002.39,9.33,18.2,2.1,8,12450,0.2638,MODERATE
2020-12-23,18:00:00,16.14,80.71,1.62,7.16,8.87,9.25,11.87,35.44,8.173,8.735,8.519,7.662,7.474,20729.75,28.73,86.59,1006.22,9.38,21.4,3.7,6,8320,0.0105,LOW
2020-12-24,00:00:00,16.18,80.75,2.11,6.12,9.76,9.76,24.58,58.86,7.533,8.173,8.377,7.307,6.915,20016.21,28.62,71.53,1007.85,7.34,14.7,1.2,6,15620,0.0366,LOW
2020-12-24,06:00:00,16.22,80.8,2.64,6.42,13.81,37.97,64.11,181.33,7.63,7.533,8.735,6.842,7.29,35193.38,24.95,76.72,1008.11,5.41,12.8,2.8,7,19850,0.0269,LOW
2020-12-24,12:00:00,16.28,80.84,27.74,70.3,137.53,253.73,353.3,769.29,9.678,7.63,8.173,8.519,7.222,142016.26,27.35,72.76,1004.47,6.58,25.1,5.4,7,9130,0.9891,VERY_HIGH
2020-12-24,18:00:00,16.34,80.9,2.38,4.9,7.52,15.25,31.28,113.61,8.886,9.678,7.533,8.377,7.311,27595.25,24.49,78.69,1004.47,9.1,19.3,3.1,8,14670,0.0245,LOW
2020-12-25,00:00:00,16.4,80.96,4.2,7.64,10.6,23.61,32.35,127.81,8.796,8.886,7.63,8.735,7.362,27560.09,32.34,71.87,1011.24,7.82,11.9,1.6,2,22100,0.0399,LOW
2020-12-25,06:00:00,16.46,81.02,1.1,1.1,5.14,5.14,16.81,74.8,8.382,8.796,9.678,8.173,7.662,20171.62,25.92,84.8,1007.52,7.59,28.4,6.2,4,7650,0.01,LOW
2020-12-25,12:00:00,16.52,81.08,9.36,20.17,46.33,62.02,86.73,191.24,8.16,8.382,8.886,7.533,7.307,45065.92,29.28,77.07,1008.65,8.4,16.5,2.4,8,17400,0.0894,LOW
2020-12-25,18:00:00,16.58,81.14,0.84,0.84,1.79,1.79,4.79,22.3,7.089,8.16,8.796,7.63,6.842,15553.47,27.65,86.18,1009.1,7.89,22.7,4.1,9,10900,0.01,LOW
2020-12-26,00:00:00,16.1,80.65,9.3,27.08,54.45,89.3,125.02,362.63,7.6,7.089,8.382,9.678,8.519,54939.23,23.83,87.41,1002.11,6.46,18.2,2.1,5,12450,0.2473,LOW
2020-12-26,06:00:00,16.14,80.71,48.41,97.72,213.93,317.69,533.64,1364.82,11.027,7.6,8.16,8.886,8.377,208320.03,29.44,77.5,1006.99,12.69,21.4,3.7,5,8320,0.99,VERY_HIGH
2020-12-26,12:00:00,16.18,80.75,1.69,7.82,21.98,47.77,88.52,285.08,11.025,11.027,7.089,8.796,8.735,51631.89,26.0,80.6,1006.49,5.66,14.7,1.2,7,15620,0.2743,MODERATE
2020-12-26,18:00:00,16.22,80.8,1.61,2.02,2.02,2.97,2.97,24.5,9.447,11.025,7.6,8.382,8.173,16196.15,25.57,74.57,1002.35,8.71,12.8,2.8,2,19850,0.0188,LOW
2020-12-27,00:00:00,16.28,80.84,15.66,47.96,81.58,124.49,189.13,502.13,10.374,9.447,11.027,8.16,7.533,84462.75,23.53,80.25,1002.01,8.39,25.1,5.4,11,9130,0.8217,VERY_HIGH
2020-12-27,06:00:00,16.34,80.9,3.73,13.4,32.25,63.06,87.01,271.43,10.398,10.374,11.025,7.089,7.63,49157.19,24.34,78.83,1012.49,7.08,19.3,3.1,6,14670,0.1257,LOW
2020-12-27,12:00:00,16.4,80.96,1.45,4.9,10.65,33.79,65.18,209.36,10.224,10.398,9.447,7.6,9.678,40867.5,27.22,82.67,1006.78,9.76,11.9,1.6,10,22100,0.1402,LOW
2020-12-27,18:00:00,16.46,81.02,3.75,5.57,5.57,23.67,48.28,117.1,9.902,10.224,10.374,11.027,8.886,35635.2,23.7,79.87,1006.1,8.79,28.4,6.2,5,7650,0.0758,LOW
2020-12-28,00:00:00,16.52,81.08,6.41,17.07,31.24,71.59,150.7,501.25,10.441,9.902,10.398,11.025,8.796,68680.11,23.59,77.23,1007.3,6.61,16.5,2.4,9,17400,0.5369,HIGH
2020-12-28,06:00:00,16.58,81.14,11.31,23.81,54.76,80.05,144.69,380.59,10.572,10.441,10.224,9.447,8.382,68829.47,30.87,73.86,1004.77,7.42,22.7,4.1,7,10900,0.4294,MODERATE
2020-12-28,12:00:00,16.1,80.65,1.17,2.3,2.3,3.24,3.24,14.52,9.634,10.572,9.902,10.374,8.16,15652.48,26.57,74.17,1011.02,1.9,18.2,2.1,8,12450,0.0213,LOW
2020-12-28,18:00:00,16.14,80.71,0.54,0.54,2.05,2.05,2.05,19.94,8.634,9.634,10.441,10.398,7.089,15530.33,23.85,81.84,1010.04,0.95,21.4,3.7,8,8320,0.0145,LOW
2020-12-29,00:00:00,16.18,80.75,1.03,4.22,6.23,10.38,15.79,71.49,7.916,8.634,10.572,10.224,7.6,19355.35,27.78,66.19,1011.29,9.26,14.7,1.2,6,15620,0.0114,LOW
2020-12-29,06:00:00,16.22,80.8,3.44,8.77,8.77,26.8,48.27,133.38,7.62,7.916,9.634,9.902,11.027,32466.73,23.46,73.97,1013.76,5.81,12.8,2.8,7,19850,0.0238,LOW
2020-12-29,12:00:00,16.28,80.84,8.84,16.34,19.91,38.37,71.71,195.19,7.513,7.62,8.634,10.441,11.025,40544.38,26.14,81.04,1008.2,10.55,25.1,5.4,6,9130,0.0459,LOW
2020-12-29,18:00:00,16.34,80.9,3.26,5.94,8.43,19.3,48.18,158.86,7.385,7.513,7.916,10.572,9.447,30418.35,26.14,82.63,1010.0,4.46,19.3,3.1,2,14670,0.0819,LOW
2020-12-30,00:00:00,16.4,80.96,0.32,0.32,0.32,5.93,15.2,44.94,6.62,7.385,7.62,9.634,10.374,16992.49,29.32,82.77,1003.44,10.52,11.9,1.6,3,22100,0.0118,LOW
2020-12-30,06:00:00,16.46,81.02,14.05,36.58,65.94,106.79,179.63,501.04,7.333,6.62,7.513,8.634,10.398,75470.24,23.87,83.94,1002.43,8.87,28.4,6.2,7,7650,0.3082,MODERATE
2020-12-30,12:00:00,16.52,81.08,1.61,1.61,2.17,7.52,10.23,33.8,6.845,7.333,7.385,7.916,10.224,13138.76,24.86,78.42,1009.2,1.42,16.5,2.4,10,17400,0.01,LOW
2020-12-30,18:00:00,16.58,81.14,2.09,6.74,18.37,37.07,71.31,179.69,6.913,6.845,6.62,7.62,9.902,36606.16,22.69,78.31,1006.56,10.17,22.7,4.1,6,10900,0.0267,LOW
2020-12-31,00:00:00,16.1,80.65,5.0,5.0,12.02,22.6,36.65,83.77,6.742,6.913,7.333,7.513,10.441,24950.91,22.72,74.39,1002.97,3.73,18.2,2.1,7,12450,0.0236,LOW
2020-12-31,06:00:00,16.14,80.71,2.4,2.4,10.64,10.64,24.05,64.07,6.493,6.742,6.845,7.385,10.572,20263.69,25.77,69.93,1009.87,11.16,21.4,3.7,9,8320,0.01,LOW
2020-12-31,12:00:00,16.18,80.75,5.0,19.65,36.33,61.23,105.35,260.9,7.009,6.493,6.913,6.62,9.634,49849.31,28.0,73.27,1005.08,8.7,14.7,1.2,11,15620,0.1105,LOW
2020-12-31,18:00:00,16.22,80.8,5.49,14.76,31.79,39.97,69.92,247.31,7.049,7.009,6.742,7.333,8.634,37238.33,27.38,67.33,1006.71,3.02,12.8,2.8,5,19850,0.0639,LOW
2021-01-01,00:00:00,16.28,80.84,4.2,12.16,28.95,36.23,62.84,144.72,6.995,7.049,6.493,6.845,7.916,33553.6,26.25,84.62,1002.19,10.32,25.1,5.4,6,9130,0.014,LOW
2021-01-01,06:00:00,16.34,80.9,3.72,7.24,18.02,26.73,38.78,94.7,6.486,6.995,7.009,6.913,7.62,25073.87,25.52,81.19,1003.89,8.28,19.3,3.1,4,14670,0.0117,LOW
2021-01-01,12:00:00,16.4,80.96,5.9,15.06,21.7,48.42,64.1,167.04,6.522,6.486,7.049,6.742,7.513,33119.55,26.69,72.05,1011.4,9.35,11.9,1.6,7,22100,0.0521,LOW
2021-01-01,18:00:00,16.46,81.02,2.32,6.66,17.75,20.73,34.68,140.78,6.148,6.522,6.995,6.493,7.385,21663.74,26.21,71.06,1009.49,7.15,28.4,6.2,6,7650,0.0108,LOW
2021-01-02,00:00:00,16.52,81.08,0.13,0.13,0.13,0.13,0.13,0.13,5.509,6.148,6.486,7.009,6.62,10447.71,29.17,80.83,1005.09,9.94,16.5,2.4,7,17400,0.01,LOW
2021-01-02,06:00:00,16.58,81.14,2.1,2.1,2.13,2.13,2.13,25.66,5.277,5.509,6.522,7.049,7.333,12963.35,27.54,73.48,1002.07,7.89,22.7,4.1,5,10900,0.01,LOW
2021-01-02,12:00:00,16.1,80.65,1.27,6.49,6.62,8.35,22.12,71.28,5.214,5.277,6.148,6.995,6.845,18581.88,28.2,77.77,1006.44,6.2,18.2,2.1,6,12450,0.01,LOW
2021-01-02,18:00:00,16.14,80.71,5.43,11.05,13.8,21.04,48.72,176.17,5.143,5.214,5.509,6.486,6.913,29171.86,23.82,72.73,1007.18,4.67,21.4,3.7,6,8320,0.01,LOW
2021-01-03,00:00:00,16.18,80.75,23.97,42.2,72.39,130.31,175.22,353.81,6.202,5.143,5.277,6.522,6.742,71718.74,26.99,87.99,1000.55,4.72,14.7,1.2,5,15620,0.3378,MODERATE
2021-01-03,06:00:00,16.22,80.8,3.42,10.67,24.94,45.27,89.68,282.64,6.901,6.202,5.214,6.148,6.493,44025.13,28.91,66.78,1010.81,9.29,12.8,2.8,8,19850,0.0905,LOW
2021-01-03,12:00:00,16.28,80.84,1.09,7.09,13.0,13.0,42.53,129.7,6.84,6.901,5.143,5.509,7.009,24808.73,26.26,77.91,1012.53,7.97,25.1,5.4,4,9130,0.0214,LOW
2021-01-03,18:00:00,16.34,80.9,6.96,10.22,10.22,28.28,61.17,192.09,7.109,6.84,6.202,5.277,7.049,32572.4,29.62,73.57,1004.56,9.09,19.3,3.1,9,14670,0.0396,LOW
2021-01-04,00:00:00,16.4,80.96,5.14,12.66,31.53,77.64,163.11,558.13,7.977,7.109,6.901,5.214,6.995,69425.27,27.19,80.36,1006.42,8.38,11.9,1.6,7,22100,0.5389,HIGH
2021-01-04,06:00:00,16.46,81.02,4.79,15.37,23.26,35.62,54.39,176.3,7.663,7.977,6.84,5.143,6.486,31402.64,28.82,78.4,1014.96,11.13,28.4,6.2,6,7650,0.0206,LOW
2021-01-04,12:00:00,16.52,81.08,0.21,0.21,11.2,29.71,38.2,74.25,7.477,7.663,7.109,6.202,6.522,27703.59,26.39,76.08,1002.48,7.15,16.5,2.4,9,17400,0.0306,LOW
2021-01-04,18:00:00,16.58,81.14,4.32,11.99,22.6,38.13,51.1,111.03,7.26,7.477,7.977,6.901,6.148,31320.77,27.36,80.46,1008.8,10.35,22.7,4.1,9,10900,0.0224,LOW
2021-01-05,00:00:00,16.1,80.65,12.1,34.81,50.14,80.48,126.02,452.54,8.09,7.26,7.663,6.84,5.509,57340.47,25.48,78.05,1005.72,6.07,18.2,2.1,8,12450,0.2436,LOW
2021-01-05,06:00:00,16.14,80.71,5.7,5.7,14.59,34.33,66.78,209.8,7.939,8.09,7.477,7.109,5.277,37528.79,28.22,79.69,1006.07,9.2,21.4,3.7,9,8320,0.0481,LOW
2021-01-05,12:00:00,16.18,80.75,0.47,0.47,0.47,2.81,2.81,54.85,7.2,7.939,7.26,7.977,5.214,15087.26,29.68,86.01,1008.14,8.88,14.7,1.2,8,15620,0.0104,LOW
2021-01-05,18:00:00,16.22,80.8,3.08,3.85,12.13,12.13,36.45,109.28,6.957,7.2,8.09,7.663,5.143,25673.33,26.38,84.55,1005.83,8.44,12.8,2.8,7,19850,0.0172,LOW
2021-01-06,00:00:00,16.28,80.84,11.74,27.2,67.52,112.67,216.44,422.09,7.719,6.957,7.939,7.477,6.202,87551.46,24.59,72.1,1010.85,9.82,25.1,5.4,5,9130,0.4471,MODERATE
2021-01-06,06:00:00,16.34,80.9,2.19,2.19,4.91,4.91,4.91,30.81,7.365,7.719,7.2,7.26,6.901,13880.85,29.44,75.49,1007.91,7.09,19.3,3.1,5,14670,0.0103,LOW
2021-01-06,12:00:00,16.4,80.96,3.32,10.29,18.57,43.57,70.92,235.81,7.356,7.365,6.957,8.09,6.84,36482.26,31.65,73.64,1011.25,9.25,11.9,1.6,9,22100,0.0423,LOW
2021-01-06,18:00:00,16.46,81.02,11.33,28.92,66.61,120.38,228.5,604.86,8.395,7.356,7.719,7.939,7.109,94921.1,29.0,68.08,1006.34,10.02,28.4,6.2,6,7650,0.7483,HIGH
2021-01-07,00:00:00,16.52,81.08,3.09,5.29,5.41,20.33,53.0,164.61,8.314,8.395,7.365,7.2,7.977,34057.42,22.65,77.32,1007.11,8.84,16.5,2.4,7,17400,0.0327,LOW
2021-01-07,06:00:00,16.58,81.14,6.2,22.88,37.2,76.05,92.84,268.72,8.591,8.314,7.356,6.957,7.663,47939.23,25.37,79.72,1007.88,4.44,22.7,4.1,8,10900,0.1793,LOW
2021-01-07,12:00:00,16.1,80.65,1.28,5.76,13.26,30.91,61.61,183.35,8.717,8.591,8.395,7.719,7.477,34819.36,25.66,69.89,1010.9,8.94,18.2,2.1,6,12450,0.087,LOW
2021-01-07,18:00:00,16.14,80.71,2.08,5.28,11.52,11.52,28.08,94.59,8.394,8.717,8.314,7.365,7.26,26046.98,27.33,73.04,1015.59,6.09,21.4,3.7,5,8320,0.0192,LOW
2021-01-08,00:00:00,16.18,80.75,2.69,8.39,11.8,16.53,16.53,81.93,7.885,8.394,8.591,7.356,8.09,18391.67,25.12,83.2,1013.31,8.59,14.7,1.2,10,15620,0.0152,LOW
2021-01-08,06:00:00,16.22,80.8,4.12,4.32,10.69,10.69,26.87,56.53,7.663,7.885,8.717,8.395,7.939,23066.59,27.17,79.67,1007.32,6.57,12.8,2.8,8,19850,0.0112,LOW
2021-01-08,12:00:00,16.28,80.84,2.76,2.76,6.08,15.3,16.46,24.56,7.044,7.663,8.394,8.314,7.2,21862.48,27.0,80.63,1002.31,6.89,25.1,5.4,3,9130,0.01,LOW
2021-01-08,18:00:00,16.34,80.9,0.08,0.08,0.08,9.68,12.24,37.64,6.644,7.044,7.885,8.591,6.957,15723.14,26.48,82.33,1009.13,8.82,19.3,3.1,8,14670,0.011,LOW
2021-01-09,00:00:00,16.4,80.96,2.54,4.53,11.45,19.59,32.37,129.29,6.219,6.644,7.663,8.717,7.719,23993.0,29.46,76.39,1011.36,12.33,11.9,1.6,9,22100,0.0202,LOW
2021-01-09,06:00:00,16.46,81.02,6.01,11.88,23.9,23.9,43.29,116.77,6.06,6.219,7.044,8.394,7.365,27106.71,30.41,65.14,1006.1,3.99,28.4,6.2,6,7650,0.01,LOW
2021-01-09,12:00:00,16.52,81.08,2.58,2.58,2.58,18.79,30.1,93.37,5.732,6.06,6.644,7.885,7.356,20473.78,25.57,78.83,1002.92,8.23,16.5,2.4,9,17400,0.01,LOW
2021-01-09,18:00:00,16.58,81.14,1.78,1.78,8.7,18.71,18.71,49.97,5.267,5.732,6.219,7.663,8.395,15857.49,30.49,82.98,1010.51,3.91,22.7,4.1,4,10900,0.01,LOW
